        Generalplus 6502 Assembler - Version 1.7.1.0  
              Listing File Has Been Relocated

     1                              ;=======================================================
     2                              	.SYNTAX		6502
     3                              	.LINKLIST
     4                              	.SYMBOLS
     5                              ;===========================================================
     6                              .INCLUDE 	GPL812P01B.inc
     7                      <       	.IFDEF		GPL812_SERIES
     8                      <       
     9                      <       ;---------------------------------
    10                      <       GPL812P01Bx		.EQU		1
    11                      <       ;---------------------------------
    12                      <       
    13                      <       .IFNDEF GPL812PX_Body_inc
    14                      <       GPL812PX_Body_inc:   .EQU    1
    15                      <       ;==================================================================================
    16                      <       ; The information contained herein is the exclusive property of
    17                      <       ; Generalplus Technology Co. And shall not be distributed, reproduced,
    18                      <       ; or disclosed in whole in part without prior written permission.
    19                      <       ;       (C) COPYRIGHT 2012   Generalplus TECHNOLOGY CO.                            
    20                      <       ;                   ALL RIGHTS RESERVED
    21                      <       ; The entire notice above must be reproduced on all authorized copies.
    22                      <       ;==================================================================================
    23                      <       ;==================================================================================
    24                      <       ; Program Name: GPL812PX series register declare
    25                      <       ; Applied body: GPL812PX series
    26                      <       ; Programmer  : 
    27                      <       ; Description : 
    28                      <       ;             : 
    29                      <       ; History version
    30                      <       ; Rev #       Date          Who            Comments
    31                      <       ; -------  -----------    --------         ----------------------------------------
    32                      <       ; 1.0       2012-05-07     CharissaHsu	Oringinal Version
    33                      <       ; 1.1		2012/06/25     CharissaHsu	Add User Rom Checksum Macro
    34                      <       ; 1.2       2014/08/20     Ken Liu		Add Body:GPL81202A,GPL81201A
    35                      <       ; 1.3       2018/01/19     Neo Chuang   Add Body:GPL812P01A
    36                      <       ; 1.4       2018/08/07     Neo Chuang   Add Body:GPL812P01B
    37                      <       ;==================================================================================
    38                      <       ;==================================================================================
    39                      <       
    40                      <       
    41                      <       		.IFNDEF	GPL812P01Bx
    42                      <       			GPL812P01Bx: 	.EQU		0
    43                      <       		.ENDIF
    44                      <       
    45                      <        	 
    46                      <       .IF (GPL812P01Bx)
    47                      <       GPL812PX		.EQU		1
    48                      <       .ENDIF
    49                      <       	.IFDEF	GPL812PX
    50 00000083             <       		.PAGE0
    51                      <         
    52                      <       ;=================  INT/NMI Register  ================
    53                      <       P_SRAM_Ctrl:							.EQU    $3F    
    54                      <             
    55                      <       ;===================  IO Register  ===================
    56                      <       P_IO_Green_Ctrl:						.EQU    $11			; IO Green mode selection register
    57                      <       	D_IO_GreenEn:								.EQU	   00100000B	
    58                      <       	D_IO_GreenDis:							.EQU	   00000000B
    59                      <       	
    60                      <       P_IO_PortA_Dir							.EQU    $0B
    61                      <       P_IO_PortA_Attrib:						.EQU    $03
    62                      <       P_IO_PortA_Data:						.EQU    $07
    63                      <       P_IO_PortA_Buffer:						.EQU    $0C
    64                      <       P_IOA_LCDPORT_Ctrl:						.EQU    $4A			;PA[7:0]=SEG13:6
    65                      <       P_IOA_SEGCOM_Ctrl:						.EQU    $48
    66                      <       	D_PortA6_COM6:						.EQU    01000000B
    67                      <       	D_PortA7_COM7:						.EQU    10000000B
    68                      <       
    69                      <       P_IO_PortB_Dir:							.EQU    $00
    70                      <       P_IO_PortB_Attrib:						.EQU    $04
    71                      <       P_IO_PortB_Data:						.EQU    $08
    72                      <       P_IO_PortB_Buffer:						.EQU    $0D
    73                      <       P_IO_PortB_Strobe_En:				 	.EQU    $2D
    74                      <       
    75                      <       P_IOB_LCDPORT_Ctrl:						.EQU    $4B			;PB[3:0]SEG5:2
    76                      <       P_IOB_SEGCOM_Ctrl:						.EQU    $49
    77                      <       	D_PortB0_COM0:						.EQU    00000001B
    78                      <       	D_PortB1_COM1:						.EQU    00000010B
    79                      <       	D_PortB2_COM2:						.EQU    00000100B
    80                      <       	D_PortB3_COM3:						.EQU    00001000B	
    81                      <       
    82                      <       P_IO_PortC_Dir:							.EQU    $01
    83                      <       P_IO_PortC_Attrib:						.EQU    $05
    84                      <       P_IO_PortC_Data:						.EQU    $09
    85                      <       P_IO_PortC_Buffer:						.EQU    $0E
    86                      <       P_IO_PortC_Strobe_En:					.EQU    $2E
    87                      <       P_IOC_LCDPORT_Ctrl:						.EQU    $4C		;PC[7:0]=SEG[5:2] ,PC[1:0]=SEG[15:14]
    88                      <       P_IOC_SEGCOM_Ctrl						.EQU    $34
    89                      <       	D_PortC0_COM5:						.EQU    00000001B
    90                      <       	D_PortC1_COM4:						.EQU    00000010B
    91                      <       	D_PortC4_COM3:						.EQU    00010000B
    92                      <       	D_PortC5_COM2:						.EQU    00100000B
    93                      <       	D_PortC6_COM1:						.EQU    01000000B
    94                      <       	D_PortC7_COM0:						.EQU    10000000B
    95                      <       
    96                      <       P_IO_PortD_Dir:							.EQU    $02
    97                      <       P_IO_PortD_Attrib:						.EQU    $06
    98                      <       P_IO_PortD_Data:						.EQU    $0A
    99                      <       P_IO_PortD_Buffer:						.EQU    $0F
   100                      <       P_IO_PortD_Strobe_En:					.EQU    $2F
   101                      <       P_IOD_LCDPORT_Ctrl:						.EQU    $35
   102                      <       	D_PortD2_SEG1:						.EQU    00000100B
   103                      <       	D_PortD3_SEG0:						.EQU    00001000B
   104                      <       ;===================  System Register  ===================
   105                      <       P_SYSTEM_Ctrl:							.EQU    $12						; System sleep source.
   106                      <       	D_SYS_Sleep:						.EQU	10101010B				; System goes to sleep bit.
   107                      <       P_SYSTEM_Green_Ctrl:         			.EQU    $17                     ; System Green mode selection register.
   108                      <       	D_GreenDis:							.EQU	00000000B
   109                      <       	D_GreenEn:							.EQU	01000000B
   110                      <       ;===============   Watch Dog Register  ===============
   111                      <       P_WDT_Flag_Clear:						.EQU	$20
   112                      <       	D_WDT_Clear:						.EQU	10101010B
   113                      <       
   114                      <       ;=================  INT/NMI Register  ================
   115                      <       P_INT_Ctrl0:							.EQU    $13							; Interrupt control.
   116                      <       	D_INT_Ctrl0_Dis:						.EQU	  00000000B				; bit[7,5] must be fill '0'
   117                      <       	D_CPUDiv2MHz_INT_En:          			.EQU	  00000001B				; Fosc divided 2097152 interrupt enabled bit.
   118                      <       	D_CPUDiv32KHz_INT_En:           		.EQU	  00000010B				; Fosc divided 32768 interrupt enabled bit.
   119                      <       	D_CPUDiv4KHz_INT_En:					.EQU	  00000100B				; Fosc divided 4096 interrupt enabled bit.
   120                      <       	D_CPUDiv1KHz_INT_En:					.EQU	  00001000B				; Fosc divided 1024 interrupt enabled bit.
   121                      <       	D_TM1O_INT_En:          				.EQU	  00010000B				; Timer1 overflow interrupt enabled bit.
   122                      <       	D_TM0O_INT_En:          				.EQU	  01000000B				; Timer0 overflow interrupt enabled bit.
   123                      <       	
   124                      <       P_INT_Clear0:							.EQU    $14							; Interrupt Flag. Write 1 to clear interrupt flag.
   125                      <       	D_2MHz_Clr:								.EQU	  00000001B				; Fosc divided 2M interrupt flag bit.
   126                      <       	D_32KHz_Clr:							.EQU	  00000010B				; Fosc divided 32K interrupt flag bit.
   127                      <       	D_4KHz_Clr:          			 	 	.EQU	  00000100B				; Fosc divided 4K interrupt flag bit.
   128                      <       	D_1KHz_Clr:          			 	 	.EQU	  00001000B				; Fosc divided 1K interrupt flag bit.
   129                      <       	D_TM1O_Clr:          			 	 	.EQU	  00010000B				; Timer1 overflow interrupt flag bit.
   130                      <       	D_TM0O_Clr:          			 	 	.EQU	  01000000B				; Timer0 overflow interrupt flag bit.
   131                      <       
   132                      <       P_INT_Ctrl1:         				    .EQU    $15							; Interrupt control.
   133                      <       	D_INT_Ctrl1_Dis:					  	.EQU	  00000000B	
   134                      <       	D_TBL_INT_En:          		  			.EQU	  00010000B				; 32K Time Base low frequency interrupt	enable bit.
   135                      <       	D_TBH_INT_En:          		  			.EQU	  00100000B				; 32K Time Base high frequency interrupt enable bit.
   136                      <       	
   137                      <       P_INT_Clear1:         				    .EQU    $16							; Interrupt Flag. Write 1 to clear interrupt flag.								
   138                      <       	D_TBL_Clr:								.EQU	  00010000B				; 32K Time Base high frequency interrupt flag bit.
   139                      <       	D_TBH_Clr:								.EQU	  00100000B				; 32K Time Base high frequency interrupt flag bit.	
   140                      <       
   141                      <       
   142                      <       P_INT_Ctrl2:         				    .EQU    $18							; Interrupt control.
   143                      <       	D_INT_Ctrl2_Dis:					  	.EQU	  00000000B				; bit[7,5] must be fill '0'
   144                      <       	D_EXT_INT0:								.EQU	  00000001B				; External interrupt 1 enabled bit.
   145                      <       	D_EXT_INT1:								.EQU	  00000010B				; External interrupt 0 enabled bit.
   146                      <       	
   147                      <       P_INT_Clear2:         				    .EQU    $19							; Interrupt flag.
   148                      <       	D_PB0_Clr:								.EQU		00000001B			; External interrupt 0 flag bit.
   149                      <       	D_PB1_Clr:								.EQU		00000010B			; External interrupt 1 flag bit.
   150                      <       
   151                      <       
   152                      <       P_RFC_Ctrl:         				   	.EQU    $1E							; RFC function control
   153                      <       	D_RFC0_PC4:								.EQU		00000001B			; RFC selecttion bit 0
   154                      <       	D_RFC1_PC5:								.EQU		00000010B			; RFC selecttion bit 1
   155                      <       	D_RFC2_PC6:								.EQU		00000100B			; RFC selecttion bit 2
   156                      <       	D_RFCEN:								.EQU		00001000B			; RFC function enable bit
   157                      <       	D_RFCDis:								.EQU		00000000B
   158                      <       	
   159                      <       
   160                      <       ;=================  Timer Register  ==================
   161                      <       P_TIMER_Timer0_Ctrl:					 .EQU   $21								; Timer0 control.
   162                      <       	D_TM0Fosc:								.EQU		00000000B				; Fosc/1 as Timer0 clock.
   163                      <       	D_TM0FoscDiv2:							.EQU		00010000B				; Fosc/2 as Timer0 clock.
   164                      <       	D_TM0FoscDiv4:							.EQU		00100000B				; Fosc/4 as Timer0 clock.
   165                      <       	D_TM0FoscDiv16:							.EQU		00110000B				; Fosc/16 as Timer0 clock.
   166                      <       	D_TM0En:								.EQU		10000000B				; Timer0 Enable Selected function is Enabled.
   167                      <       	D_TM0Dis:								.EQU		00000000B				; Timer0 Enable Selected function is Disabled.
   168                      <       
   169                      <       P_TIMER_Timer1_Ctrl:         			 .EQU   $22								; Timer1 control. bit0 must be fill '0'
   170                      <       	D_TM1Fosc:								.EQU		00000000B				; Fosc/1 as Timer1 clock.
   171                      <       	D_TM1FoscDiv4:							.EQU		00010000B				; Fosc/4 as Timer1 clock.
   172                      <       	D_TM1FoscDiv64:							.EQU		00100000B				; Fosc/64 as Timer1 clock.
   173                      <       	C_TM1CLK_TM0OF:							.EQU		00110000B				; clock source use Timer0 clock over flow.
   174                      <       	D_TM1PortC7TM1Clk:						.EQU		01000000B				; Timer1 clock source from IO selection. (RFC using)
   175                      <       	D_TM1En:								.EQU		10000000B				; Timer1 Enable Selected function is Enabled.
   176                      <       	D_TM1Dis:								.EQU		00000000B				; Timer1 Enable Selected function is Disabled.	
   177                      <       
   178                      <       P_TIMER_TM0Data_LB:         			 .EQU   $23								; Write 8-bit	counter rgister in 8-bit Timer0. 
   179                      <       																				
   180                      <       P_TIMER_TM1Data_LB:         			 .EQU   $25								; Write low 8-bit counter register in 12-bit Timer1.(W)
   181                      <       P_TIMER_TM1Data_HB:         			 .EQU   $26								; Write high 4-bit counter register in 12-bit Timer1.(W)
   182                      <       
   183                      <       P_CLK_32768_En:         				 .EQU   $2A
   184                      <       	D_32768En:								.EQU		10000000B
   185                      <       	D_32768Dis:								.EQU		00000000B	;bit[5,2:0] msut be fill '0'
   186                      <       P_TIMER_TimeBase_Sel:					.EQU   $2B
   187                      <       	D_32kStr_T2sec:							.EQU		00000000B	
   188                      <       	D_32kStr_T4sec:							.EQU		00010000B
   189                      <       	D_TBL2Hz:								.EQU		00000000B	
   190                      <       	D_TBL4Hz:								.EQU		00001000B
   191                      <       	D_TBL8Hz:								.EQU		00000100B
   192                      <       	D_TBL16Hz:								.EQU		00001100B
   193                      <       	D_TBH128Hz:								.EQU		00000000B
   194                      <       	D_TBH256Hz:								.EQU		00000010B
   195                      <       	D_TBH512Hz:								.EQU		00000001B
   196                      <       	D_TBH1KHz:								.EQU		00000011B
   197                      <       P_IO_Strobe_En:							.EQU   $2C                        
   198                      <        	D_StrobeDis:							.EQU		00000000B              
   199                      <         	D_StrobeEn:								.EQU		00000001B               
   200                      <                       
   201                      <       
   202                      <       ;==============  Sleep/Wakeup Register  ==============
   203                      <       P_WAKEUP_Ctrl:         		 			.EQU   $30   
   204                      <       	D_KeyDis:								.EQU		00000000B
   205                      <       	D_KeyEn:								.EQU		00000001B
   206                      <       	D_TBLEn:								.EQU		00000010B
   207                      <       	D_TBLDis:								.EQU		00000000B
   208                      <       	D_TBHEn:								.EQU		00001000B
   209                      <       	D_TBHDis:								.EQU		00000000B
   210                      <       
   211                      <       P_WAKEUP_Flag:         		 			.EQU   $31   
   212                      <       	D_KEYWFC_En:							.EQU		00000001B
   213                      <       	D_KEYWFC_Dis:							.EQU		00000000B
   214                      <       	D_TBLWFC_En:							.EQU		00000010B
   215                      <       	D_TBLWFC_Dis:							.EQU		00000000B
   216                      <       	D_TBHWFC_En:							.EQU		00001000B
   217                      <       	D_TBHWFC_Dis:							.EQU		00000000B
   218                      <       		
   219                      <       P_IO_PortB_WakeUpEN:						.EQU   $37 	
   220                      <       P_IO_PortC_WakeUpEN:						.EQU   $38   
   221                      <       P_IO_PortD_WakeUpEN:						.EQU   $39   
   222                      <       
   223                      <       ;==============  LCD Register  ==============
   224                      <       P_LCD_Ctrl:					       		.EQU   $32	
   225                      <       
   226                      <       	D_LCDGreenMode_Dis:						.EQU		10010000B
   227                      <       	D_LCDGreenMode_En:						.EQU		10000000B
   228                      <       
   229                      <       	D_LCDMode_Normal:						.EQU		00000000B
   230                      <       	D_LCDMode_AllOn:						.EQU		00000001B
   231                      <       	D_LCDMode_AllOff:						.EQU		00000010B
   232                      <       	D_LCDMode_DisplayOff:					.EQU		00000011B
   233                      <       	
   234                      <       	D_LCDSetting_3Bias_4Duty:				.EQU		00000000B
   235                      <       	D_LCDSetting_3Bias_5Duty:				.EQU		00000100B
   236                      <       	D_LCDSetting_3Bias_6Duty:				.EQU		00001000B
   237                      <       	D_LCDSetting_4Bias_8Duty:				.EQU		00001100B	
   238                      <       	
   239                      <       	D_LCD_VLCD2_5V:							.EQU		00000000B
   240                      <       	D_LCD_VLCD2_4V:							.EQU		00100000B	
   241                      <       	D_LCD_VLCD2_8V:							.EQU		01000000B	
   242                      <       	D_LCD_VLCDVDD:							.EQU		01100000B	
   243                      <       	
   244                      <       ;==============  LVD function Register  ==============   
   245                      <       P_LVD_Ctrl:					         	.EQU   $33  
   246                      <       
   247                      <       	D_LVDS_2_7V:							.EQU		01000000B
   248                      <       	D_LVDS_2_1V:							.EQU		00000000B
   249                      <       	D_LVDS_2_4V:							.EQU		00100000B
   250                      <       	D_LVD_En:								.EQU		10000000B
   251                      <       	D_LVD_Dis:								.EQU		00000000B
   252                      <       ;==============  PWM function Register  ==============	
   253                      <       P_PWM_IO_Ctrl:				.EQU    $11				
   254                      <       	D_TX_En:								.EQU		00000000B
   255                      <       	D_IO_En:									.EQU		00100000B
   256                      <       	D_Driving_50mA:						.EQU		00000000B
   257                      <       	D_Driving_100mA:					.EQU		00001000B
   258                      <       	D_Driving_200mA:					.EQU		00010000B
   259                      <       	D_Driving_400mA:					.EQU		00011000B
   260                      <       P_PWM_EN:         				.EQU    $17
   261                      <       	D_PWMEn:								.EQU		00000000B
   262                      <       	D_PWMDis:								.EQU		01000000B	
   263                      <       ;**********************************************************************
   264                      <       ;ROM Checksum
   265                      <       ;**********************************************************************
   266                      <       
   267                      <       D_Bank0UserRomStartAddr:		.EQU	0xE000		;0xE000 ~ 0xFFFF: User ROM Code
   268                      <       
   269                      <       D_Bank0UserRomEndAddr:			.EQU	0xFFF6		;0xFFF7 ~ 0xFFF9 are reserved for Generalplus used
   270                      <       D_NMIandResetVectorStartAddr:	.EQU	0xFFFA		
   271                      <       D_NMIandResetVectorEndAddr:		.EQU	0xFFFF
   272                      <       
   273                      <       
   274                      <       ; ========================================================================================
   275                      <       ; Macro Name	: M_UserRomChecksum
   276                      <       ; Parameters	: None
   277                      <       ; Return Value	: R_ChecksumResult: bit[7:0]
   278                      <       ;				: R_ChecksumResult + 1: bit[15:8]
   279                      <       ;				: R_ChecksumResult + 2: bit[23:16]
   280                      <       ;				: R_ChecksumResult + 3: bit[31:24]
   281                      <       ; Description	: Calculate user ROM area code checksum
   282                      <       ; Destroy		: A, Y
   283                      <       ; Example		: %M_UserRomChecksum	R_ChecksumAddrPtr, R_ChecksumResult
   284                      <       ; ========================================================================================	
   285                      <       %M_UserRomChecksum:	.MACRO	R_ChecksumAddrPtr, R_ChecksumResult
   286                      <       	LDA		#0
   287                      <       	STA		R_ChecksumResult					;Result Byte0
   288                      <       	STA		R_ChecksumResult + 1				;Result Byte1
   289                      <       	STA		R_ChecksumResult + 2				;Result Byte2
   290                      <       	STA		R_ChecksumResult + 3				;Result Byte3
   291                      <       ;=================== Bank 0 ==================================================	
   292                      <       	LDA		#.HIGH.D_Bank0UserRomStartAddr
   293                      <       	STA		R_ChecksumAddrPtr + 1				; Start High Byte
   294                      <       	LDA		#.LOW.D_Bank0UserRomStartAddr
   295                      <       	STA		R_ChecksumAddrPtr					;Start Low Byte
   296                      <       	LDY		#0
   297                      <       L_ChecksumLoop1?
   298                      <       	LDA		#D_WDT_Clear
   299                      <       	STA		P_WDT_Flag_Clear	
   300                      <       	CLC
   301                      <       	LDA		(R_ChecksumAddrPtr),Y
   302                      <       	ADC		R_ChecksumResult					;Result Low Byte
   303                      <       	STA		R_ChecksumResult					;Result Low Byte
   304                      <       	BCC		L_CheckAddress1?
   305                      <       	INC		R_ChecksumResult + 1				;Result Byte1
   306                      <       	BNE		L_CheckAddress1?
   307                      <       	INC		R_ChecksumResult + 2				;Result Byte3
   308                      <       	BNE		L_CheckAddress1?
   309                      <       	INC		R_ChecksumResult + 3				;Result Byte4
   310                      <       		
   311                      <       L_CheckAddress1?:
   312                      <       	LDA		R_ChecksumAddrPtr + 1				;Address Pointer HB
   313                      <       	CMP		#.HIGH.D_Bank0UserRomEndAddr		;End High Byte
   314                      <       	BNE		L_IncreaseAdd1?
   315                      <       	
   316                      <       	LDA		R_ChecksumAddrPtr					;Address Pointer LB
   317                      <       	CMP		#.LOW.D_Bank0UserRomEndAddr			;End Low Byte
   318                      <       	BEQ		L_ExitRomSum1?
   319                      <       	
   320                      <       L_IncreaseAdd1?:
   321                      <       	INC		R_ChecksumAddrPtr					;Address Pointer LB
   322                      <       	BNE		L_ChecksumLoop1?
   323                      <       	INC		R_ChecksumAddrPtr + 1				;Address Pointer HB
   324                      <       	JMP		L_ChecksumLoop1?	
   325                      <       		
   326                      <       L_ExitRomSum1?:	
   327                      <       ;===================NMI & Reset Vector==================================================		
   328                      <       	LDA		#.HIGH.D_NMIandResetVectorStartAddr
   329                      <       	STA		R_ChecksumAddrPtr + 1				; Start High Byte
   330                      <       	LDA		#.LOW.D_NMIandResetVectorStartAddr
   331                      <       	STA		R_ChecksumAddrPtr				;Start Low Byte
   332                      <       		
   333                      <       L_ChecksumLoop2?
   334                      <       	LDA		#D_WDT_Clear
   335                      <       	STA		P_WDT_Flag_Clear
   336                      <       	CLC
   337                      <       	LDA		(R_ChecksumAddrPtr),Y
   338                      <       	ADC		R_ChecksumResult					;Result Low Byte
   339                      <       	STA		R_ChecksumResult					;Result Low Byte
   340                      <       	BCC		L_CheckAddress2?
   341                      <       	INC		R_ChecksumResult + 1				;Result Byte2
   342                      <       	BNE		L_CheckAddress2?
   343                      <       	INC		R_ChecksumResult + 2				;Result Byte3
   344                      <       	BNE		L_CheckAddress2?
   345                      <       	INC		R_ChecksumResult + 3				;Result Byte4
   346                      <       		
   347                      <       L_CheckAddress2?:
   348                      <       	LDA		R_ChecksumAddrPtr + 1				;Address Pointer HB
   349                      <       	CMP		#.HIGH.D_NMIandResetVectorEndAddr	;End High Byte
   350                      <       	BNE		L_IncreaseAdd2?
   351                      <       	
   352                      <       	LDA		R_ChecksumAddrPtr					;Address Pointer LB
   353                      <       	CMP		#.LOW.D_NMIandResetVectorEndAddr	;End Low Byte
   354                      <       	BEQ		L_EndChecksum?
   355                      <       	
   356                      <       L_IncreaseAdd2?:
   357                      <       	INC		R_ChecksumAddrPtr					;Address Pointer LB
   358                      <       	BNE		L_ChecksumLoop2?
   359                      <       	INC		R_ChecksumAddrPtr + 1				;Address Pointer HB
   360                      <       	JMP		L_ChecksumLoop2?	
   361                      <       	
   362                      <       L_EndChecksum?:
   363                      <       
   364                      <       	.ENDM
   365                      <       
   366                      <       EV_Simualtion		.EQU	0
   367                      <       OTP_BurnIn			.EQU	1
   368                      <       GPL812P01Bx_Mode	.EQU	OTP_BurnIn
   369                      <       
   370                      <       	
   371                      <       			.ENDIF
   372                      <       			.ENDIF
   373                      <       	.ENDIF
   374                              .INCLUDE	".\RFC\rfc.inc"
   375                      <       ;==================================================================================
   376                      <       ; The information contained herein is the exclusive property of
   377                      <       ; Generalplus Technology Co. And shall not be distributed, reproduced,
   378                      <       ; or disclosed in whole in part without prior written permission.
   379                      <       ;       (C) COPYRIGHT 2010   Generalplus TECHNOLOGY CO.                            
   380                      <       ;                   ALL RIGHTS RESERVED
   381                      <       ; The entire notice above must be reproduced on all authorized copies.
   382                      <       ;==================================================================================
   383                      <       ;==================================================================================
   384                      <       ; Name                  : rfc.inc
   385                      <       ; Applied Body          : GPL872X
   386                      <       ; Programmer            : KenLiu
   387                      <       ; Description           : RFC Function Code include file.
   388                      <       ; History version       : V1.0
   389                      <       ;==================================================================================
   390                      <       
   391                      <       ;==========================================
   392                      <       ; Constant define area
   393                      <       ;==========================================
   394                      <       
   395                      <       
   396                      <       
   397                      <       
   398                      <       ;==========================================
   399                      <       ; Include file area
   400                      <       ;==========================================
   401                      <       
   402                      <       
   403                      <       
   404                      <       ;==========================================
   405                      <       ; External declare area
   406                      <       ;==========================================
   407                      <       .EXTERNAL	F_CopyTmpValueToLast
   408                      <       .EXTERNAL	F_CopyTmpValueToAux
   409                      <       .EXTERNAL	F_CopyHumValueToLast
   410                      <       .EXTERNAL	F_CopyHumValueToAux
   411                      <       .EXTERNAL	F_CopyRefValueToAux
   412                      <       .EXTERNAL	F_Copy_Answer_Aux
   413                      <       .EXTERNAL	F_Copy_Aux_Input
   414                      <       .EXTERNAL	F_IfRAnswerZero	
   415                      <       .EXTERNAL	.PAGE0	RB_LCD_Show0
   416                      <       .EXTERNAL	.PAGE0	RB_LCD_Show1
   417                      <       .EXTERNAL	.PAGE0		RB_RR_Data
   418                      <       .EXTERNAL	.PAGE0		RB_RT_Data
   419                      <       .EXTERNAL	.PAGE0		RB_RH_Data
   420                              .INCLUDE	".\RFC\rfcDriver.inc"
   421                      <       ;.extern	F_TempRFC
   422                      <       .extern	R_RFC_States
   423                      <       .extern	R_CntRef
   424                      <       .extern	R_CntSen2
   425                      <       .extern	R_CntSen
   426                      <       .extern	RFC_Initial
   427                      <       
   428                              .INCLUDE	".\RFC\rfcDefine.inc"
   429                      <       ;==================================================================================
   430                      <       ; The information contained herein is the exclusive property of
   431                      <       ; Generalplus Technology Co. And shall not be distributed, reproduced,
   432                      <       ; or disclosed in whole in part without prior written permission.
   433                      <       ;       (C) COPYRIGHT 2010   Generalplus TECHNOLOGY CO.                            
   434                      <       ;                   ALL RIGHTS RESERVED
   435                      <       ; The entire notice above must be reproduced on all authorized copies.
   436                      <       ;==================================================================================
   437                      <       ;==================================================================================
   438                      <       ; Name                  : rfcDefine.inc
   439                      <       ; Applied Body          : GPL872X
   440                      <       ; Programmer            : KenLiu
   441                      <       ; Description           : This file is define some definition on GPL872X RFC library.
   442                      <       ;						  This is for GPL872X RFC code used , user need include this file.
   443                      <       ; History version       : V1.0
   444                      <       ;==================================================================================
   445                      <       ;==================================================================================
   446                      <       ;Constant Definition
   447                      <       ;==================================================================================
   448                      <       INVALID_INDEX_BLOCK			EQU     FFH ;Define the invalid block index of data table
   449                      <       C_MAX_TIME_RFC_INTERVAL		EQU     2	;N*16Hz
   450                      <                                           ;The interval time is counted in 2Hz int/wakeup
   451                      <       C_VALUE_RR              EQU     0X2710		 ;Rref = 10.0kohm   ???????????
   452                      <       C_TEMPER_MIN            EQU     0x00+0x00   ;0'C		???????????
   453                      <       ;C_TEMPER_MAX            EQU     0xFA          ;250.0'C		;250?? ???????????
   454                      <       C_TEMPER_MAX            EQU     0x46         ;70.0'C		;99?? ???????????
   455                      <       
   456                      <       ;C_TEMPER_NMAX            EQU     0x0A          ;-10.0'C		;-10?? ???????????
   457                      <       C_TEMPER_NMAX            EQU     0x28          ;-40.0'C		;-40?? ???????????
   458                      <       
   459                      <       C_HUM_MIN               EQU     0x14            ;20%
   460                      <       ;C_HUM_Chan               EQU     0x35           ;20%
   461                      <       ;C_HUM_MAX               EQU     0x5c            ;92%
   462                      <       C_HUM_MAX               EQU     0x5A           ;90%
   463                      <       
   464                      <       C_RESISTOR_IO_INTER_33  EQU     0x0295;0x0207;0x0207;0x0207          ;IO internal resistance is 207ohm (3.3v)
   465                      <       
   466                      <       C_RESISTOR_RR_BCD	  EQU     0x2729          ;IO internal resistance is 207ohm (3.3v)
   467                      <       
   468                      <       ;==========================================
   469                      <       ; Include file area
   470                      <       ;==========================================
   471                      <       
   472                      <       ;RFC1,RFC2 SELECT CHANNEL
   473                      <       RFC_CHANNEL_1             EQU     0   ;RFC1
   474                      <       RFC_CHANNEL_2             EQU     1   ;RFC2
   475                      <       
   476                      <       CFG_RFC_CH                EQU     RFC_CHANNEL_1
   477                      <       
   478                      <       .IFNDEF CFG_RFC_CH
   479                      <       CFG_RFC_CH                EQU     RFC_CHANNEL_1
   480                      <       .ENDIF
   481                      <       
   482                      <       ;R_RFC_States
   483                      <       ;Bit0~2 for state machine
   484                      <       D_RFC_ScanIdle			.EQU		0
   485                      <       D_RFC_ScanRef			.EQU		1
   486                      <       D_RFC_ScanSen1			.EQU		2		;Read Ref data & Scan Sensor1
   487                      <       D_RFC_ScanSen2			.EQU		3		;Read Sensor1 data & Scan Sensor2
   488                      <       D_RfcStatTempCalc		.EQU		4		;Read Sensor2 data
   489                      <       D_RfcStatHumCalc		.EQU		5
   490                      <       ;---------------------------------------------------
   491                      <       D_RFC_ScanDataReady		.EQU		00001000B		;Bit3
   492                      <       D_RFC_ContinueSacn		.EQU		00010000B		;Bit4
   493                      <       D_RFC_CalculateDone		.EQU		00100000B		;Bit5
   494                      <       D_RFC_TempDataReady		.EQU		01000000B		;Bit6
   495                      <       D_RFC_SensorEn			.EQU		10000000B		;Bit6
   496                      <       
   497                      <       ;0:Idle
   498                      <       ;1:Sensing Ref
   499                      <       ;2:Read Ref data and Sensing Sens1	
   500                      <       ;3:Read Sens1 data and Sensing Sens2
   501                      <       ;4:Read Sens2 data
   502                      <       
   503                      <       ;Bit3:RFC Data Readay flag
   504                      <       ;Bit4:Continue Sensing RFC Data
   505                      <       ;Bit5:Accept Disaply RFC Data
   506                      <       ;==========================================
   507                      <       ; External declare area
   508                      <       ;==========================================
   509                      <       ;==========================================
   510                      <       ; Public declare area
   511                      <       ;==========================================@
   512                      <       C_MaxDigital		equ	12
   513                      <       C_DotPoint			equ	C_MaxDigital/2
   514                      <       C_MaxDotNumber		equ	C_MaxDigital-1
   515                      <       C_MaxDigitByte		equ	(C_MaxDigital/2)-1
   516                      <       C_MaxDecDigitByte		equ	 C_MaxDigitByte-1
   517                      <       C_PointMask			equ	0fh
   518                      <       
   519                      <       
   520                      <       
   521                      <       
   522                      <       
   523                      <       
   524                      <       
   525                      <       
   526                      <       
   527                      <       
   528                              
   529                              .INCLUDE	include\Display.inc
   530                      <       
   531                      <       ;===================================================
   532                      <       ;			RAM Define
   533                      <       ;====================================================
   534                      <       
   535                      <       ;===================================================
   536                      <       ;			Module Define
   537                      <       ;====================================================
   538                      <       .EXTERN         F_ClrLcdDpram
   539                      <       .EXTERN			F_AllDisplayLcd
   540                      <       .EXTERN         F_ClrPage0SRAM
   541                      <       .EXTERN         F_ClrSRAM
   542                      <       .EXTERN         F_Display
   543                      <       .EXTERN			F_DisplayNum
   544                      <       
   545                      <       .EXTERN		F_ByteHLValue
   546                      <       .EXTERN		F_ByteLHValue
   547                      <       .EXTERN		F_TestModeCnt
   548                      <       .EXTERN		F_DisplayBatIcon
   549                      <       ;.extern			F_CheckWakeLEDInc
   550                      <       
   551                      <       .EXTERN			R_TempBuf
   552                      <       ;====================================================
   553                      <       
   554                              
   555                              
   556                              .EXTERNAL	F_Hex_To_BCD
   557                              .EXTERNAL	F_BCD_To_Hex
   558                              ;.EXTERN		TableH0
   559                              ;.EXTERN		TableH256
   560                              ;.EXTERN		TableHN50
   561                              ;.EXTERN		TableM0
   562                              ;.EXTERN		TableM256
   563                              ;.EXTERN		TableMN50
   564                              ;.EXTERN		TableL0
   565                              ;.EXTERN		TableL256
   566                              ;.EXTERN		TableLN50
   567                              C_Temp_0C:				.EQU		0X006DEA
   568                              C_Temp_250C:				.EQU		0X000C84;70C
   569                              C_Temp_N10C:			.EQU		0x028B02 	;-40c
   570                              
   571                              
   572                              C_JZ_4:				.EQU	05H;	04H
   573                              
   574                              .PUBLIC		R_Ftemp4
   575                              .PUBLIC		R_Ftemp5
   576                              .PUBLIC		R_Ftemp6
   577                              .PUBLIC		R_Ftemp7
   578                              .PUBLIC		R_Temp_N_bytes
   579                              
   580                              .PUBLIC		RW_RefValue
   581                              .PUBLIC		RW_HumValue
   582                              .PUBLIC		RW_TmpValue
   583                              .PUBLIC		R2K_LB
   584                              .PUBLIC		RW_LastTem
   585                              .PUBLIC		RW_AvgRefValue
   586                              .PUBLIC		R2K_HB
   587                              .public		RB_TempDataBCD
   588                              .public 	RB_HumDataBCD
   589                              .public		TempDataHex
   590                              .public 	HumDataHex
   591                              Bit0			.EQU		00000001B
   592                              C_Digit14			    EQU		14
   593                              D_TempSign:            EQU     10000000B;For Temperature high byte operation,
   594                                                                  ;1->temperature < 0; 0-> temperature >= 0
   595                              	
   596                              
   597                              	
   598 000000C7                     CalculationZRAM .section .page0
   599                              .IFNDEF C_CalcuRamStartAddr
   600                              C_CalcuRamStartAddr     EQU     $
   601                              .ENDIF
   602 000000C7 FF                  R_Calculate_Data0	.DS		1
   603 000000C8 FF                  R_Calculate_Data1	.DS		1
   604 000000C9 FF                  R_Calculate_Data2	.DS		1
   605 000000CA FF                  R_Calculate_Data3	.DS		1
   606 000000CB FF                  R_Calculate_Data4	.DS		1
   607 000000CC FF                  R_Calculate_Data5	.DS		1
   608 000000CD FF                  R_Calculate_Data6	.DS		1
   609 000000CE FF                  R_Calculate_Data7	.DS		1
   610 000000CF FF                  R_Calculate_Data8	.DS		1
   611 000000D0 FF                  R_Calculate_Data9	.DS		1
   612                              
   613 000000D1 FF                  R_Calculate_Result0	.DS		1
   614 000000D2 FF                  R_Calculate_Result1	.DS		1
   615 000000D3 FF                  R_Calculate_Result2	.DS		1
   616 000000D4 FF                  R_Calculate_Result3	.DS		1
   617 000000D5 FF                  R_Calculate_Result4	.DS		1
   618 000000D6 FF                  R_Calculate_Result5	.DS		1
   619 000000D7 FF                  R_Calculate_Result6	.DS		1
   620 000000D8 FF                  R_Calculate_Result7	.DS		1
   621 000000D9 FF                  R_Calculate_Result8	.DS		1
   622 000000DA FF                  R_Calculate_Result9	.DS		1
   623                              
   624 000000DB FF                  R_Calculate_Temp0	.DS		1
   625 000000DC FF                  R_Calculate_Temp1   .DS		1
   626 000000DD FF                  R_Calculate_Temp2	.DS		1
   627 000000DE FF                  R_Calculate_Temp3   .DS		1
   628 000000DF FF FF               R_Temp_Lram:		.ds		2
   629 000000E1 FF FF               R_Index_jmp:		.ds		2
   630                              .ENDS	
   631                              ;---------------------------------------------------------------------	
   632 000001C0                     RFC_Calculate_RAM		.Section
   633 000001C0 FF FF               RW_RefValue             DS      2   ;The measured RR-C pulse data
   634 000001C2 FF FF               RW_HumValue             DS		2	;Humidity(00.0%~99.9%). 
   635                                                                  ;Ex. 12.3%, RW_HumValue=23H, RW_HumValue=01H
   636 000001C4 FF FF               RW_TmpValue			    DS		2	;Temperature (-20.0~90.0)
   637                                                                  ;Ex. -12.3'C, RW_TmpValue=23H, RW_TmpValue+1=81H
   638                                                                  ;MSB of RW_TmpValue+1 is sign flag
   639                              ;RW_LastHum              DS      2   ;Record last humidity
   640                              ;_RW_LastHum:		.EQU		RW_LastHum
   641 000001C6 FF FF FF            RW_LastTem              DS      3   ;Record last temperature
   642                              _RW_LastTem:		.EQU		RW_LastTem
   643 000001C9 FF FF               RW_AvgRefValue		.DS		2
   644                              R2K_LB:			.EQU	RW_AvgRefValue
   645                              R2K_HB:			.EQU	RW_AvgRefValue+1
   646                              ;RB_SearchLocBegin       DS      1   ;The begin search location of data table
   647                              ;RB_SearchLocEnd         DS      1   ;The end search location of data table, and
   648                              ;                                    ;this location should be not searched
   649                              ;R_RFC_AverageCout		.DS		1
   650                              
   651 000001CB FF FF               RB_TempDataBCD			.DS		2
   652 000001CD FF                  RB_HumDataBCD			.DS		1
   653                              
   654 000001CE FF                  Temp_LB:		.DS		1
   655 000001CF FF                  Temp_MB:		.DS		1
   656 000001D0 FF                  Temp_HB:		.DS		1
   657                              
   658 000001D1 FF FF               TempDataHex			.DS		2
   659 000001D3 FF                  HumDataHex			.DS		1
   660                              
   661 000001D4 FF                  R_Index_end:		.DS		1
   662 000001D5 FF                  R_Hum_Index:		.DS		1			;div后计算值
   663                              
   664 000001D6 FF                  R_Hum_data_next0:	.DS		1
   665 000001D7 FF                  R_Hum_data_next1:	.DS		1
   666 000001D8 FF                  R_Hum_data_next2:	.DS		1
   667 000001D9 FF                  Rref_LB:		.DS		1
   668 000001DA FF                  Rref_HB:		.DS		1
   669 000001DB FF                  R_Temp_H_bytes:		.DS		1
   670 000001DC FF                  R_Temp_N_bytes:		.DS		1
   671                              ;**********************************************************************
   672 000001DD FF                  R_Ftemp0:	.DS		1	
   673 000001DE FF                  R_Ftemp1:	.DS		1
   674 000001DF FF                  R_Ftemp2:	.DS		1
   675 000001E0 FF                  R_Ftemp3:	.DS		1
   676 000001E1 FF                  R_Ftemp4:	.DS		1
   677 000001E2 FF                  R_Ftemp5:	.DS		1
   678 000001E3 FF                  R_Ftemp6:	.DS		1
   679 000001E4 FF                  R_Ftemp7:	.DS		1
   680 000001E5 FF                  RB_LCD_F_Temp_F	.DS		1
   681 000001E6 FF                  RB_LCD_F_Temp_H	.DS		1
   682 000001E7 FF                  RB_LCD_F_Temp_M	.DS		1
   683 000001E8 FF                  RB_LCD_F_Temp_L	.DS		1
   684 000001E9 FF                  RB_Temp_M_BUFF	.DS		1
   685 000001EA FF                  RB_Temp_L_BUFF	.DS		1
   686                              .ends
   687                              
   688                              
   689                              ;----------------------------------------------------------------------------
   690                              ; Name:	%HumDataRecordDef
   691                              ; Description: Define data structure for humidity data table
   692                              ; Input: c_coditionTemper <- temperature
   693                              ;        c_tableAddrStart <- table start address   
   694                              ;        c_tablelen       <- data table length
   695                              ;----------------------------------------------------------------------------
   696                              %HumDataRecordDef   .MACRO  c_coditionTemper, c_tableAddrStart, c_tablelen
   697                              .IFNDEF HUM_DATARECORD_START
   698                              HUM_DATARECORD_START    EQU     $
   699                              .ENDIF
   700                                      DB      c_coditionTemper    ;The specific temperature condition
   701                                      DW      c_tableAddrStart    ;The specific data table start address
   702                                      DB      c_tablelen          ;data table length (byte)
   703                              
   704                              .IFNDEF HUM_DATARECORD_SIZE
   705                              HUM_DATARECORD_SIZE:    EQU     $ - HUM_DATARECORD_START
   706                              .ENDIF
   707                              .ENDM
   708                              
   709 0000F259                     RFC_Hum   .section
   710                                  .INCLUDE        humidity3bytes.tab
   711                      <       ;============================================================================
   712                      <       ;File Name:	    humidity.tab
   713                      <       ;Applied body:	GPLxx
   714                      <       ;Purpose:		Provide R-H data table of humidity sensor (GHR01-2530)
   715                      <       ;Programmer:	yangff
   716                      <       ;Date:			2010-01-28
   717                      <       ;Note:          The sensor circuit should be modified as following connection
   718                      <       ;               IO pin ------- Humidity Sensor  ----- 510 ohm Resistor ---
   719                      <       ;                         |                       |                      |
   720                      <       ;                         |--- 1 Mohm Resistor  --|                 Capacitor
   721                      <       ;                                                                        |
   722                      <       ;                                                                        |
   723                      <       ;                                                                     Ground
   724                      <       ;============================================================================
   725 0000F259             <       T_R_H_BLOCK:    ;Define different R_H table index for different temperature
   726                      <               %HumDataRecordDef   0x00, T_R_H_TEM00, C_R_H_BLOCK_LEN
   727                      <     1 .IFNDEF HUM_DATARECORD_START
   728                      <     1 HUM_DATARECORD_START    EQU     $
   729                      <     1 .ENDIF
   730 0000F259 00          <     1         DB      0x00    ;The specific temperature condition
   731 0000F25A 8D F2       <     1         DW      T_R_H_TEM00    ;The specific data table start address
   732 0000F25C 2D          <     1         DB      C_R_H_BLOCK_LEN          ;data table length (byte)
   733                      <     1 
   734                      <     1 .IFNDEF HUM_DATARECORD_SIZE
   735                      <     1 HUM_DATARECORD_SIZE:    EQU     $ - HUM_DATARECORD_START
   736                      <     1 .ENDIF
   737                      <               %HumDataRecordDef   0x05, T_R_H_TEM05, C_R_H_BLOCK_LEN
   738                      <     1 .IFNDEF HUM_DATARECORD_START
   739                      <     1 HUM_DATARECORD_START    EQU     $
   740                      <     1 .ENDIF
   741 0000F25D 05          <     1         DB      0x05    ;The specific temperature condition
   742 0000F25E BA F2       <     1         DW      T_R_H_TEM05    ;The specific data table start address
   743 0000F260 2D          <     1         DB      C_R_H_BLOCK_LEN          ;data table length (byte)
   744                      <     1 
   745                      <     1 .IFNDEF HUM_DATARECORD_SIZE
   746                      <     1 HUM_DATARECORD_SIZE:    EQU     $ - HUM_DATARECORD_START
   747                      <     1 .ENDIF
   748                      <               %HumDataRecordDef   0x10, T_R_H_TEM10, C_R_H_BLOCK_LEN
   749                      <     1 .IFNDEF HUM_DATARECORD_START
   750                      <     1 HUM_DATARECORD_START    EQU     $
   751                      <     1 .ENDIF
   752 0000F261 10          <     1         DB      0x10    ;The specific temperature condition
   753 0000F262 E7 F2       <     1         DW      T_R_H_TEM10    ;The specific data table start address
   754 0000F264 2D          <     1         DB      C_R_H_BLOCK_LEN          ;data table length (byte)
   755                      <     1 
   756                      <     1 .IFNDEF HUM_DATARECORD_SIZE
   757                      <     1 HUM_DATARECORD_SIZE:    EQU     $ - HUM_DATARECORD_START
   758                      <     1 .ENDIF
   759                      <               %HumDataRecordDef   0x15, T_R_H_TEM15, C_R_H_BLOCK_LEN
   760                      <     1 .IFNDEF HUM_DATARECORD_START
   761                      <     1 HUM_DATARECORD_START    EQU     $
   762                      <     1 .ENDIF
   763 0000F265 15          <     1         DB      0x15    ;The specific temperature condition
   764 0000F266 14 F3       <     1         DW      T_R_H_TEM15    ;The specific data table start address
   765 0000F268 2D          <     1         DB      C_R_H_BLOCK_LEN          ;data table length (byte)
   766                      <     1 
   767                      <     1 .IFNDEF HUM_DATARECORD_SIZE
   768                      <     1 HUM_DATARECORD_SIZE:    EQU     $ - HUM_DATARECORD_START
   769                      <     1 .ENDIF
   770                      <               %HumDataRecordDef   0x20, T_R_H_TEM20, C_R_H_BLOCK_LEN
   771                      <     1 .IFNDEF HUM_DATARECORD_START
   772                      <     1 HUM_DATARECORD_START    EQU     $
   773                      <     1 .ENDIF
   774 0000F269 20          <     1         DB      0x20    ;The specific temperature condition
   775 0000F26A 41 F3       <     1         DW      T_R_H_TEM20    ;The specific data table start address
   776 0000F26C 2D          <     1         DB      C_R_H_BLOCK_LEN          ;data table length (byte)
   777                      <     1 
   778                      <     1 .IFNDEF HUM_DATARECORD_SIZE
   779                      <     1 HUM_DATARECORD_SIZE:    EQU     $ - HUM_DATARECORD_START
   780                      <     1 .ENDIF
   781                      <               %HumDataRecordDef   0x25, T_R_H_TEM25, C_R_H_BLOCK_LEN
   782                      <     1 .IFNDEF HUM_DATARECORD_START
   783                      <     1 HUM_DATARECORD_START    EQU     $
   784                      <     1 .ENDIF
   785 0000F26D 25          <     1         DB      0x25    ;The specific temperature condition
   786 0000F26E 6E F3       <     1         DW      T_R_H_TEM25    ;The specific data table start address
   787 0000F270 2D          <     1         DB      C_R_H_BLOCK_LEN          ;data table length (byte)
   788                      <     1 
   789                      <     1 .IFNDEF HUM_DATARECORD_SIZE
   790                      <     1 HUM_DATARECORD_SIZE:    EQU     $ - HUM_DATARECORD_START
   791                      <     1 .ENDIF
   792                      <               %HumDataRecordDef   0x30, T_R_H_TEM30, C_R_H_BLOCK_LEN
   793                      <     1 .IFNDEF HUM_DATARECORD_START
   794                      <     1 HUM_DATARECORD_START    EQU     $
   795                      <     1 .ENDIF
   796 0000F271 30          <     1         DB      0x30    ;The specific temperature condition
   797 0000F272 9B F3       <     1         DW      T_R_H_TEM30    ;The specific data table start address
   798 0000F274 2D          <     1         DB      C_R_H_BLOCK_LEN          ;data table length (byte)
   799                      <     1 
   800                      <     1 .IFNDEF HUM_DATARECORD_SIZE
   801                      <     1 HUM_DATARECORD_SIZE:    EQU     $ - HUM_DATARECORD_START
   802                      <     1 .ENDIF
   803                      <               %HumDataRecordDef   0x35, T_R_H_TEM35, C_R_H_BLOCK_LEN
   804                      <     1 .IFNDEF HUM_DATARECORD_START
   805                      <     1 HUM_DATARECORD_START    EQU     $
   806                      <     1 .ENDIF
   807 0000F275 35          <     1         DB      0x35    ;The specific temperature condition
   808 0000F276 C8 F3       <     1         DW      T_R_H_TEM35    ;The specific data table start address
   809 0000F278 2D          <     1         DB      C_R_H_BLOCK_LEN          ;data table length (byte)
   810                      <     1 
   811                      <     1 .IFNDEF HUM_DATARECORD_SIZE
   812                      <     1 HUM_DATARECORD_SIZE:    EQU     $ - HUM_DATARECORD_START
   813                      <     1 .ENDIF
   814                      <               %HumDataRecordDef   0x40, T_R_H_TEM40, C_R_H_BLOCK_LEN
   815                      <     1 .IFNDEF HUM_DATARECORD_START
   816                      <     1 HUM_DATARECORD_START    EQU     $
   817                      <     1 .ENDIF
   818 0000F279 40          <     1         DB      0x40    ;The specific temperature condition
   819 0000F27A F5 F3       <     1         DW      T_R_H_TEM40    ;The specific data table start address
   820 0000F27C 2D          <     1         DB      C_R_H_BLOCK_LEN          ;data table length (byte)
   821                      <     1 
   822                      <     1 .IFNDEF HUM_DATARECORD_SIZE
   823                      <     1 HUM_DATARECORD_SIZE:    EQU     $ - HUM_DATARECORD_START
   824                      <     1 .ENDIF
   825                      <               %HumDataRecordDef   0x45, T_R_H_TEM45, C_R_H_BLOCK_LEN
   826                      <     1 .IFNDEF HUM_DATARECORD_START
   827                      <     1 HUM_DATARECORD_START    EQU     $
   828                      <     1 .ENDIF
   829 0000F27D 45          <     1         DB      0x45    ;The specific temperature condition
   830 0000F27E 22 F4       <     1         DW      T_R_H_TEM45    ;The specific data table start address
   831 0000F280 2D          <     1         DB      C_R_H_BLOCK_LEN          ;data table length (byte)
   832                      <     1 
   833                      <     1 .IFNDEF HUM_DATARECORD_SIZE
   834                      <     1 HUM_DATARECORD_SIZE:    EQU     $ - HUM_DATARECORD_START
   835                      <     1 .ENDIF
   836                      <               %HumDataRecordDef   0x50, T_R_H_TEM50, C_R_H_BLOCK_LEN
   837                      <     1 .IFNDEF HUM_DATARECORD_START
   838                      <     1 HUM_DATARECORD_START    EQU     $
   839                      <     1 .ENDIF
   840 0000F281 50          <     1         DB      0x50    ;The specific temperature condition
   841 0000F282 4F F4       <     1         DW      T_R_H_TEM50    ;The specific data table start address
   842 0000F284 2D          <     1         DB      C_R_H_BLOCK_LEN          ;data table length (byte)
   843                      <     1 
   844                      <     1 .IFNDEF HUM_DATARECORD_SIZE
   845                      <     1 HUM_DATARECORD_SIZE:    EQU     $ - HUM_DATARECORD_START
   846                      <     1 .ENDIF
   847                      <               %HumDataRecordDef   0x55, T_R_H_TEM55, C_R_H_BLOCK_LEN
   848                      <     1 .IFNDEF HUM_DATARECORD_START
   849                      <     1 HUM_DATARECORD_START    EQU     $
   850                      <     1 .ENDIF
   851 0000F285 55          <     1         DB      0x55    ;The specific temperature condition
   852 0000F286 7C F4       <     1         DW      T_R_H_TEM55    ;The specific data table start address
   853 0000F288 2D          <     1         DB      C_R_H_BLOCK_LEN          ;data table length (byte)
   854                      <     1 
   855                      <     1 .IFNDEF HUM_DATARECORD_SIZE
   856                      <     1 HUM_DATARECORD_SIZE:    EQU     $ - HUM_DATARECORD_START
   857                      <     1 .ENDIF
   858                      <               %HumDataRecordDef   0x60, T_R_H_TEM60, C_R_H_BLOCK_LEN
   859                      <     1 .IFNDEF HUM_DATARECORD_START
   860                      <     1 HUM_DATARECORD_START    EQU     $
   861                      <     1 .ENDIF
   862 0000F289 60          <     1         DB      0x60    ;The specific temperature condition
   863 0000F28A A9 F4       <     1         DW      T_R_H_TEM60    ;The specific data table start address
   864 0000F28C 2D          <     1         DB      C_R_H_BLOCK_LEN          ;data table length (byte)
   865                      <     1 
   866                      <     1 .IFNDEF HUM_DATARECORD_SIZE
   867                      <     1 HUM_DATARECORD_SIZE:    EQU     $ - HUM_DATARECORD_START
   868                      <     1 .ENDIF
   869                      <           
   870                      <           C_R_H_BLOCK_SIZE:       EQU     $ - T_R_H_BLOCK ;Block space size
   871                      <       ;============================================================================
   872                      <       C_RHUM_MAX      EQU         0x112241   ;Maximum resistance is 164
   873                      <       
   874 0000F28D             <       T_R_H_TEM00:    ;0°C
   875 0000F28D 11 22 41    <       .DB	0x11,0x22,0x41		;20
   876 0000F290 10 E0 95    <       .DB	0x10,0xE0,0x95		;25
   877 0000F293 0F 7D BA    <       .DB	0x0F,0x7D,0xBA		;30
   878 0000F296 0D 05 E8    <       .DB	0x0D,0x05,0xE8		;35
   879 0000F299 09 EE 65    <       .DB	0x09,0xEE,0x65		;40
   880 0000F29C 06 D1 55    <       .DB	0x06,0xD1,0x55		;45
   881 0000F29F 04 63 0E    <       .DB	0x04,0x63,0x0E		;50
   882 0000F2A2 02 93 18    <       .DB	0x02,0x93,0x18		;55
   883 0000F2A5 01 8B 83    <       .DB	0x01,0x8B,0x83		;60
   884 0000F2A8 00 F8 A6    <       .DB	0x00,0xF8,0xA6		;65
   885 0000F2AB 00 A2 3D    <       .DB	0x00,0xA2,0x3D		;70
   886 0000F2AE 00 6A 83    <       .DB	0x00,0x6A,0x83		;75
   887 0000F2B1 00 4E 22    <       .DB	0x00,0x4E,0x22		;80
   888 0000F2B4 00 3B 04    <       .DB	0x00,0x3B,0x04		;85
   889 0000F2B7 00 2D EE    <       .DB	0x00,0x2D,0xEE		;90
   890                      <       
   891                      <       
   892 0000F2BA             <       T_R_H_TEM05:    ;5°C
   893 0000F2BA 10 E0 95    <       .DB	0x10,0xE0,0x95		;20	
   894 0000F2BD 10 6B A0    <       .DB	0x10,0x6B,0xA0		;25
   895 0000F2C0 0E 85 AC    <       .DB	0x0E,0x85,0xAC		;30
   896 0000F2C3 0B A6 F4    <       .DB	0x0B,0xA6,0xF4		;35
   897 0000F2C6 08 65 0A    <       .DB	0x08,0x65,0x0A		;40
   898 0000F2C9 05 62 AD    <       .DB	0x05,0x62,0xAD		;45
   899 0000F2CC 03 56 4A    <       .DB	0x03,0x56,0x4A		;50
   900 0000F2CF 02 10 CD    <       .DB	0x02,0x10,0xCD		;55
   901 0000F2D2 01 5F 90    <       .DB	0x01,0x5F,0x90		;60
   902 0000F2D5 01 02 69    <       .DB	0x01,0x02,0x69		;65
   903 0000F2D8 00 D3 FC    <       .DB	0x00,0xD3,0xFC		;70
   904 0000F2DB 00 BA 75    <       .DB	0x00,0xBA,0x75		;75
   905 0000F2DE 00 B7 21    <       .DB	0x00,0xB7,0x21		;80
   906 0000F2E1 00 BC 10    <       .DB	0x00,0xBC,0x10		;85
   907 0000F2E4 00 C4 64    <       .DB	0x00,0xC4,0x64		;90
   908                      <       
   909 0000F2E7             <       T_R_H_TEM10:    ;10°C
   910 0000F2E7 10 6B A0    <       .DB	0x10,0x6B,0xA0		;20	
   911 0000F2EA 0F B3 E2    <       .DB	0x0F,0xB3,0xE2		;25
   912 0000F2ED 0D 63 73    <       .DB	0x0D,0x63,0x73		;30
   913 0000F2F0 0A 3E 86    <       .DB	0x0A,0x3E,0x86		;35
   914 0000F2F3 07 1D 3E    <       .DB	0x07,0x1D,0x3E		;40
   915 0000F2F6 04 79 BB    <       .DB	0x04,0x79,0xBB		;45
   916 0000F2F9 02 B0 00    <       .DB	0x02,0xB0,0x00		;50
   917 0000F2FC 01 9B F7    <       .DB	0x01,0x9B,0xF7		;55
   918 0000F2FF 00 F8 A6    <       .DB	0x00,0xF8,0xA6		;60
   919 0000F302 00 9E 91    <       .DB	0x00,0x9E,0x91		;65
   920 0000F305 00 6E 45    <       .DB	0x00,0x6E,0x45		;70
   921 0000F308 00 4C 3A    <       .DB	0x00,0x4C,0x3A		;75
   922 0000F30B 00 39 19    <       .DB	0x00,0x39,0x19		;80
   923 0000F30E 00 2C C5    <       .DB	0x00,0x2C,0xC5		;85
   924 0000F311 00 24 A5    <       .DB	0x00,0x24,0xA5		;90
   925 0000F314             <       T_R_H_TEM15:     ;15°C
   926 0000F314 10 6B A0    <       .DB	0x10,0x6B,0xA0		;20
   927 0000F317 0E D6 99    <       .DB	0x0E,0xD6,0x99		;25
   928 0000F31A 0C 1A B7    <       .DB	0x0C,0x1A,0xB7		;30
   929 0000F31D 08 D4 35    <       .DB	0x08,0xD4,0x35		;35
   930 0000F320 05 C1 19    <       .DB	0x05,0xC1,0x19		;40
   931 0000F323 03 89 2F    <       .DB	0x03,0x89,0x2F		;45
   932 0000F326 02 1B 31    <       .DB	0x02,0x1B,0x31		;50
   933 0000F329 01 45 04    <       .DB	0x01,0x45,0x04		;55
   934 0000F32C 00 CD DC    <       .DB	0x00,0xCD,0xDC		;60
   935 0000F32F 00 84 B0    <       .DB	0x00,0x84,0xB0		;65
   936 0000F332 00 5B 6B    <       .DB	0x00,0x5B,0x6B		;70
   937 0000F335 00 40 C5    <       .DB	0x00,0x40,0xC5		;75
   938 0000F338 00 31 67    <       .DB	0x00,0x31,0x67		;80
   939 0000F33B 00 27 BE    <       .DB	0x00,0x27,0xBE		;85
   940 0000F33E 00 21 EE    <       .DB	0x00,0x21,0xEE		;90
   941                      <       
   942 0000F341             <       T_R_H_TEM20:     ;20°C
   943 0000F341 0F 99 D5    <       .DB	0x0F,0x99,0xD5		;20
   944 0000F344 0D 9B 08    <       .DB	0x0D,0x9B,0x08		;25
   945 0000F347 0A EF 14    <       .DB	0x0A,0xEF,0x14		;30
   946 0000F34A 07 A9 F4    <       .DB	0x07,0xA9,0xF4		;35
   947 0000F34D 04 D1 A3    <       .DB	0x04,0xD1,0xA3		;40
   948 0000F350 02 CC 7F    <       .DB	0x02,0xCC,0x7F		;45
   949 0000F353 01 AC 4A    <       .DB	0x01,0xAC,0x4A		;50
   950 0000F356 00 FF B3    <       .DB	0x00,0xFF,0xB3		;55
   951 0000F359 00 A5 E8    <       .DB	0x00,0xA5,0xE8		;60
   952 0000F35C 00 6E 45    <       .DB	0x00,0x6E,0x45		;65
   953 0000F35F 00 4E 22    <       .DB	0x00,0x4E,0x22		;70
   954 0000F362 00 39 19    <       .DB	0x00,0x39,0x19		;75
   955 0000F365 00 2D 8B    <       .DB	0x00,0x2D,0x8B		;80
   956 0000F368 00 25 08    <       .DB	0x00,0x25,0x08		;85
   957 0000F36B 00 1F 36    <       .DB	0x00,0x1F,0x36		;90
   958                      <       
   959 0000F36E             <       T_R_H_TEM25:     ;25°C
   960 0000F36E 0E D6 99    <       .DB	0x0E,0xD6,0x99		;20
   961 0000F371 0C 99 98    <       .DB	0x0C,0x99,0x98		;25
   962 0000F374 09 97 DC    <       .DB	0x09,0x97,0xDC		;30
   963 0000F377 06 60 16    <       .DB	0x06,0x60,0x16		;35
   964 0000F37A 03 D4 B1    <       .DB	0x03,0xD4,0xB1		;40
   965 0000F37D 02 39 D4    <       .DB	0x02,0x39,0xD4		;45
   966 0000F380 01 4F 3A    <       .DB	0x01,0x4F,0x3A		;50
   967 0000F383 00 CA 41    <       .DB	0x00,0xCA,0x41		;55
   968 0000F386 00 88 67    <       .DB	0x00,0x88,0x67		;60
   969 0000F389 00 5D 50    <       .DB	0x00,0x5D,0x50		;65
   970 0000F38C 00 44 98    <       .DB	0x00,0x44,0x98		;70
   971 0000F38F 00 32 F1    <       .DB	0x00,0x32,0xF1		;75
   972 0000F392 00 28 85    <       .DB	0x00,0x28,0x85		;80
   973 0000F395 00 21 EE    <       .DB	0x00,0x21,0xEE		;85
   974 0000F398 00 1D 45    <       .DB	0x00,0x1D,0x45		;90
   975                      <       
   976 0000F39B             <       T_R_H_TEM30:     ;30°C
   977 0000F39B 0E 12 EB    <       .DB	0x0E,0x12,0xEB		;20
   978 0000F39E 0B 4B 57    <       .DB	0x0B,0x4B,0x57		;25
   979 0000F3A1 08 41 B1    <       .DB	0x08,0x41,0xB1		;30
   980 0000F3A4 05 25 4E    <       .DB	0x05,0x25,0x4E		;35
   981 0000F3A7 03 11 FF    <       .DB	0x03,0x11,0xFF		;40
   982 0000F3AA 01 CC 93    <       .DB	0x01,0xCC,0x93		;45
   983 0000F3AD 01 11 3C    <       .DB	0x01,0x11,0x3C		;50
   984 0000F3B0 00 A5 E8    <       .DB	0x00,0xA5,0xE8		;55
   985 0000F3B3 00 72 05    <       .DB	0x00,0x72,0x05		;60
   986 0000F3B6 00 50 09    <       .DB	0x00,0x50,0x09		;65
   987 0000F3B9 00 3B 04    <       .DB	0x00,0x3B,0x04		;70
   988 0000F3BC 00 2E 51    <       .DB	0x00,0x2E,0x51		;75
   989 0000F3BF 00 25 CF    <       .DB	0x00,0x25,0xCF		;80
   990 0000F3C2 00 1F FD    <       .DB	0x00,0x1F,0xFD		;85
   991 0000F3C5 00 1C 1A    <       .DB	0x00,0x1C,0x1A		;90
   992                      <       
   993 0000F3C8             <       T_R_H_TEM35:     ;35°C
   994 0000F3C8 0D 26 92    <       .DB	0x0D,0x26,0x92		;20
   995 0000F3CB 0A 3E 86    <       .DB	0x0A,0x3E,0x86		;25
   996 0000F3CE 07 0E 5F    <       .DB	0x07,0x0E,0x5F		;30
   997 0000F3D1 04 79 BB    <       .DB	0x04,0x79,0xBB		;35
   998 0000F3D4 02 93 18    <       .DB	0x02,0x93,0x18		;40
   999 0000F3D7 01 7A EF    <       .DB	0x01,0x7A,0xEF		;45
  1000 0000F3DA 00 E3 5B    <       .DB	0x00,0xE3,0x5B		;50
  1001 0000F3DD 00 8F D0    <       .DB	0x00,0x8F,0xD0		;55
  1002 0000F3E0 00 5F 34    <       .DB	0x00,0x5F,0x34		;60
  1003 0000F3E3 00 44 98    <       .DB	0x00,0x44,0x98		;65
  1004 0000F3E6 00 35 41    <       .DB	0x00,0x35,0x41		;70
  1005 0000F3E9 00 2A 74    <       .DB	0x00,0x2A,0x74		;75
  1006 0000F3EC 00 23 18    <       .DB	0x00,0x23,0x18		;80
  1007 0000F3EF 00 1E 70    <       .DB	0x00,0x1E,0x70		;85
  1008 0000F3F2 00 1A EF    <       .DB	0x00,0x1A,0xEF		;90
  1009                      <       
  1010 0000F3F5             <       T_R_H_TEM40:     
  1011 0000F3F5 0C 47 5C    <       .DB	0x0C,0x47,0x5C		;20
  1012 0000F3F8 08 D4 35    <       .DB	0x08,0xD4,0x35		;25
  1013 0000F3FB 05 F7 E4    <       .DB	0x05,0xF7,0xE4		;30
  1014 0000F3FE 03 89 2F    <       .DB	0x03,0x89,0x2F		;35
  1015 0000F401 01 FC 19    <       .DB	0x01,0xFC,0x19		;40
  1016 0000F404 01 30 73    <       .DB	0x01,0x30,0x73		;45
  1017 0000F407 00 BB C9    <       .DB	0x00,0xBB,0xC9		;50
  1018 0000F40A 00 79 81    <       .DB	0x00,0x79,0x81		;55
  1019 0000F40D 00 55 BC    <       .DB	0x00,0x55,0xBC		;60
  1020 0000F410 00 3E DA    <       .DB	0x00,0x3E,0xDA		;65
  1021 0000F413 00 31 67    <       .DB	0x00,0x31,0x67		;70
  1022 0000F416 00 28 21    <       .DB	0x00,0x28,0x21		;75
  1023 0000F419 00 21 8B    <       .DB	0x00,0x21,0x8B		;80
  1024 0000F41C 00 1D 45    <       .DB	0x00,0x1D,0x45		;85
  1025 0000F41F 00 1A 28    <       .DB	0x00,0x1A,0x28		;90
  1026                      <       
  1027 0000F422             <       T_R_H_TEM45:     
  1028 0000F422 0A EF 14    <       .DB	0x0A,0xEF,0x14		;20
  1029 0000F425 07 D1 88    <       .DB	0x07,0xD1,0x88		;25
  1030 0000F428 04 D1 A3    <       .DB	0x04,0xD1,0xA3		;30
  1031 0000F42B 02 CC 7F    <       .DB	0x02,0xCC,0x7F		;35
  1032 0000F42E 01 9B F7    <       .DB	0x01,0x9B,0xF7		;40
  1033 0000F431 00 FF B3    <       .DB	0x00,0xFF,0xB3		;45
  1034 0000F434 00 A2 3D    <       .DB	0x00,0xA2,0x3D		;50
  1035 0000F437 00 6E 45    <       .DB	0x00,0x6E,0x45		;55
  1036 0000F43A 00 4C 3A    <       .DB	0x00,0x4C,0x3A		;60
  1037 0000F43D 00 39 19    <       .DB	0x00,0x39,0x19		;65
  1038 0000F440 00 2D 8B    <       .DB	0x00,0x2D,0x8B		;70
  1039 0000F443 00 25 6C    <       .DB	0x00,0x25,0x6C		;75
  1040 0000F446 00 1F 9A    <       .DB	0x00,0x1F,0x9A		;80
  1041 0000F449 00 1B B7    <       .DB	0x00,0x1B,0xB7		;85
  1042 0000F44C 00 19 61    <       .DB	0x00,0x19,0x61		;90
  1043                      <       
  1044 0000F44F             <       T_R_H_TEM50:     
  1045 0000F44F 0A 17 37    <       .DB	0x0A,0x17,0x37		;20
  1046 0000F452 06 D1 55    <       .DB	0x06,0xD1,0x55		;25
  1047 0000F455 04 1D 43    <       .DB	0x04,0x1D,0x43		;30
  1048 0000F458 02 58 05    <       .DB	0x02,0x58,0x05		;35
  1049 0000F45B 01 52 9F    <       .DB	0x01,0x52,0x9F		;40
  1050 0000F45E 00 CD DC    <       .DB	0x00,0xCD,0xDC		;45
  1051 0000F461 00 88 67    <       .DB	0x00,0x88,0x67		;50
  1052 0000F464 00 5D 50    <       .DB	0x00,0x5D,0x50		;55
  1053 0000F467 00 44 98    <       .DB	0x00,0x44,0x98		;60
  1054 0000F46A 00 33 B6    <       .DB	0x00,0x33,0xB6		;65
  1055 0000F46D 00 29 AE    <       .DB	0x00,0x29,0xAE		;70
  1056 0000F470 00 22 B5    <       .DB	0x00,0x22,0xB5		;75
  1057 0000F473 00 1E 0C    <       .DB	0x00,0x1E,0x0C		;80
  1058 0000F476 00 1A 8C    <       .DB	0x00,0x1A,0x8C		;85
  1059 0000F479 00 18 68    <       .DB	0x00,0x18,0x68		;90
  1060                      <       
  1061 0000F47C             <       T_R_H_TEM55:     
  1062 0000F47C 09 08 3E    <       .DB	0x09,0x08,0x3E		;20
  1063 0000F47F 05 E5 D6    <       .DB	0x05,0xE5,0xD6		;25
  1064 0000F482 03 6F 54    <       .DB	0x03,0x6F,0x54		;30
  1065 0000F485 02 1B 31    <       .DB	0x02,0x1B,0x31		;35
  1066 0000F488 01 14 B9    <       .DB	0x01,0x14,0xB9		;40
  1067 0000F48B 00 AD 39    <       .DB	0x00,0xAD,0x39		;45
  1068 0000F48E 00 72 05    <       .DB	0x00,0x72,0x05		;50
  1069 0000F491 00 53 D6    <       .DB	0x00,0x53,0xD6		;55
  1070 0000F494 00 3C F0    <       .DB	0x00,0x3C,0xF0		;60
  1071 0000F497 00 2F DC    <       .DB	0x00,0x2F,0xDC		;65
  1072 0000F49A 00 27 5B    <       .DB	0x00,0x27,0x5B		;70
  1073 0000F49D 00 21 28    <       .DB	0x00,0x21,0x28		;75
  1074 0000F4A0 00 1C E1    <       .DB	0x00,0x1C,0xE1		;80
  1075 0000F4A3 00 19 C4    <       .DB	0x00,0x19,0xC4		;85
  1076 0000F4A6 00 17 D2    <       .DB	0x00,0x17,0xD2		;90
  1077                      <       
  1078 0000F4A9             <       T_R_H_TEM60:
  1079 0000F4A9 08 41 B1    <       .DB	0x08,0x41,0xB1		;20
  1080 0000F4AC 05 10 C4    <       .DB	0x05,0x10,0xC4		;25
  1081 0000F4AF 02 DA 98    <       .DB	0x02,0xDA,0x98		;30
  1082 0000F4B2 01 DC 89    <       .DB	0x01,0xDC,0x89		;35
  1083 0000F4B5 00 E6 EB    <       .DB	0x00,0xE6,0xEB		;40
  1084 0000F4B8 00 93 83    <       .DB	0x00,0x93,0x83		;45
  1085 0000F4BB 00 62 FA    <       .DB	0x00,0x62,0xFA		;50
  1086 0000F4BE 00 48 6A    <       .DB	0x00,0x48,0x6A		;55
  1087 0000F4C1 00 36 CA    <       .DB	0x00,0x36,0xCA		;60
  1088 0000F4C4 00 2C C5    <       .DB	0x00,0x2C,0xC5		;65
  1089 0000F4C7 00 25 08    <       .DB	0x00,0x25,0x08		;70
  1090 0000F4CA 00 1F 9A    <       .DB	0x00,0x1F,0x9A		;75
  1091 0000F4CD 00 1C 1A    <       .DB	0x00,0x1C,0x1A		;80
  1092 0000F4D0 00 19 61    <       .DB	0x00,0x19,0x61		;85
  1093 0000F4D3 00 17 6E    <       .DB	0x00,0x17,0x6E		;90
  1094                      <       
  1095                      <       
  1096                      <       
  1097                      <       C_R_H_BLOCK_LEN:        EQU     $ - T_R_H_TEM60
  1098                      <       C_RHUM_MIN:      EQU     0x00176E          ;Minimum resistance is 1.3kohm
  1099                                     .ends
  1100                                      
  1101 0000F10C                     RFC_Temp   .section
  1102                                  .INCLUDE        temperature3bytes.tab
  1103                      <       ;==================================================================================
  1104                      <       ; The information contained herein is the exclusive property of
  1105                      <       ; Generalplus Technology Co. And shall not be distributed, reproduced,
  1106                      <       ; or disclosed in whole in part without prior written permission.
  1107                      <       ;       (C) COPYRIGHT 2009   Generalplus TECHNOLOGY CO.                            
  1108                      <       ;                   ALL RIGHTS RESERVED
  1109                      <       ; The entire notice above must be reproduced on all authorized copies.
  1110                      <       ;==================================================================================
  1111                      <       ;==================================================================================
  1112                      <       ; Name                  : Startup.asm
  1113                      <       ; Applied Body          : GPL08Ax/GPL081Ax/GPL082Ax/GPL083Ax/GPL083Bx/GPL084Ax/GPL085Ax/GPL086Ax/GPL086Bx/GPL08003Ax
  1114                      <       ; Programmer            : 
  1115                      <       ; Description           : 
  1116                      <       ; History version       : 
  1117                      <       ;==================================================================================
  1118                      <       
  1119                      <       ;==========================================
  1120                      <       ; Compiler parameter define
  1121                      <       ;==========================================
  1122                      <       .SYNTAX 6502
  1123                      <       .LINKLIST
  1124                      <       	.SYMBOLS
  1125                      <       
  1126                      <       ;==========================================
  1127                      <       ; Constant define area
  1128                      <       ;==========================================
  1129                      <       
  1130                      <       
  1131                      <       ;==========================================
  1132                      <       ; External declare area
  1133                      <       ;==========================================
  1134                      <       
  1135                      <       
  1136                      <       
  1137                      <       
  1138                      <       ;==========================================
  1139                      <       ; Public declare area
  1140                      <       ;==========================================
  1141                      <       .PUBLIC		TableH0
  1142                      <       ;.PUBLIC		TableH256
  1143                      <       .PUBLIC		TableHN50
  1144                      <       .PUBLIC		TableM0
  1145                      <       ;.PUBLIC		TableM256
  1146                      <       .PUBLIC		TableMN50
  1147                      <       .PUBLIC		TableL0
  1148                      <       ;.PUBLIC		TableL256
  1149                      <       .PUBLIC		TableLN50
  1150                      <       
  1151                      <       ;==========================================
  1152                      <       ;Variable RAM declare area
  1153                      <       ;==========================================
  1154                      <       ; code starting 
  1155                      <       ;==========================================
  1156                      <       ;============================
  1157                      <       ; High Byte
  1158                      <       ;============================
  1159                      <       
  1160 0000F10C             <       TableH0:
  1161 0000F10C 00          <       	DB	0x00       ;0
  1162 0000F10D 00          <       	DB	0x00
  1163 0000F10E 00          <       	DB	0x00
  1164 0000F10F 00          <       	DB	0x00
  1165 0000F110 00          <       	DB	0x00
  1166 0000F111 00          <       	DB	0x00       ;5
  1167 0000F112 00          <       	DB	0x00
  1168 0000F113 00          <       	DB	0x00
  1169 0000F114 00          <       	DB	0x00
  1170 0000F115 00          <       	DB	0x00
  1171 0000F116 00          <       	DB	0x00       ;10
  1172 0000F117 00          <       	DB	0x00
  1173 0000F118 00          <       	DB	0x00
  1174 0000F119 00          <       	DB	0x00
  1175 0000F11A 00          <       	DB	0x00
  1176 0000F11B 00          <       	DB	0x00       ;15
  1177 0000F11C 00          <       	DB	0x00
  1178 0000F11D 00          <       	DB	0x00
  1179 0000F11E 00          <       	DB	0x00
  1180 0000F11F 00          <       	DB	0x00
  1181 0000F120 00          <       	DB	0x00       ;20
  1182 0000F121 00          <       	DB	0x00
  1183 0000F122 00          <       	DB	0x00
  1184 0000F123 00          <       	DB	0x00
  1185 0000F124 00          <       	DB	0x00
  1186 0000F125 00          <       	DB	0x00       ;25
  1187 0000F126 00          <       	DB	0x00
  1188 0000F127 00          <       	DB	0x00
  1189 0000F128 00          <       	DB	0x00
  1190 0000F129 00          <       	DB	0x00
  1191 0000F12A 00          <       	DB	0x00       ;30
  1192 0000F12B 00          <       	DB	0x00
  1193 0000F12C 00          <       	DB	0x00
  1194 0000F12D 00          <       	DB	0x00
  1195 0000F12E 00          <       	DB	0x00
  1196 0000F12F 00          <       	DB	0x00       ;35
  1197 0000F130 00          <       	DB	0x00
  1198 0000F131 00          <       	DB	0x00
  1199 0000F132 00          <       	DB	0x00
  1200 0000F133 00          <       	DB	0x00
  1201 0000F134 00          <       	DB	0x00       ;40
  1202 0000F135 00          <       	DB	0x00
  1203 0000F136 00          <       	DB	0x00
  1204 0000F137 00          <       	DB	0x00
  1205 0000F138 00          <       	DB	0x00
  1206 0000F139 00          <       	DB	0x00       ;45
  1207 0000F13A 00          <       	DB	0x00
  1208 0000F13B 00          <       	DB	0x00
  1209 0000F13C 00          <       	DB	0x00
  1210 0000F13D 00          <       	DB	0x00
  1211 0000F13E 00          <       	DB	0x00       ;50
  1212 0000F13F 00          <       	DB	0x00
  1213 0000F140 00          <       	DB	0x00
  1214 0000F141 00          <       	DB	0x00
  1215 0000F142 00          <       	DB	0x00
  1216 0000F143 00          <       	DB	0x00       ;55
  1217 0000F144 00          <       	DB	0x00
  1218 0000F145 00          <       	DB	0x00
  1219 0000F146 00          <       	DB	0x00
  1220 0000F147 00          <       	DB	0x00
  1221 0000F148 00          <       	DB	0x00       ;60
  1222 0000F149 00          <       	DB	0x00
  1223 0000F14A 00          <       	DB	0x00
  1224 0000F14B 00          <       	DB	0x00
  1225 0000F14C 00          <       	DB	0x00
  1226 0000F14D 00          <       	DB	0x00       ;65
  1227 0000F14E 00          <       	DB	0x00
  1228 0000F14F 00          <       	DB	0x00
  1229 0000F150 00          <       	DB	0x00
  1230 0000F151 00          <       	DB	0x00
  1231 0000F152 00          <       	DB	0x00       ;70
  1232                      <       
  1233                      <       ;============================
  1234                      <       ; Mid Byte
  1235                      <       ;============================
  1236 0000F153             <       TableM0:
  1237 0000F153 6D          <       	DB	0x6D       ;0 (006DEA)
  1238 0000F154 69          <       	DB	0x69       ;1 (006988)
  1239 0000F155 65          <       	DB	0x65       ;2 (006561)
  1240 0000F156 61          <       	DB	0x61       ;3 (006169)
  1241 0000F157 5D          <       	DB	0x5D       ;4 (005D9F)
  1242 0000F158 59          <       	DB	0x59       ;5 (005999)
  1243 0000F159 56          <       	DB	0x56       ;6 (005626)
  1244 0000F15A 52          <       	DB	0x52       ;7 (0052DD)
  1245 0000F15B 4F          <       	DB	0x4F       ;8 (004FB9)
  1246 0000F15C 4C          <       	DB	0x4C       ;9 (004CBA)
  1247 0000F15D 49          <       	DB	0x49       ;10 (004989)
  1248 0000F15E 46          <       	DB	0x46       ;11 (0046CE)
  1249 0000F15F 44          <       	DB	0x44       ;12 (004432)
  1250 0000F160 41          <       	DB	0x41       ;13 (0041B3)
  1251 0000F161 3F          <       	DB	0x3F       ;14 (003F51)
  1252 0000F162 3C          <       	DB	0x3C       ;15 (003CD1)
  1253 0000F163 3A          <       	DB	0x3A       ;16 (003AA3)
  1254 0000F164 38          <       	DB	0x38       ;17 (00388F)
  1255 0000F165 36          <       	DB	0x36       ;18 (003690)
  1256 0000F166 34          <       	DB	0x34       ;19 (0034A8)
  1257 0000F167 32          <       	DB	0x32       ;20 (0032AE)
  1258 0000F168 30          <       	DB	0x30       ;21 (0030F0)
  1259 0000F169 2F          <       	DB	0x2F       ;22 (002F44)
  1260 0000F16A 2D          <       	DB	0x2D       ;23 (002DAA)
  1261 0000F16B 2C          <       	DB	0x2C       ;24 (002C21)
  1262 0000F16C 2A          <       	DB	0x2A       ;25 (002AA5)
  1263 0000F16D 29          <       	DB	0x29       ;26 (002957)
  1264 0000F16E 27          <       	DB	0x27       ;27 (0027FD)
  1265 0000F16F 26          <       	DB	0x26       ;28 (0026B0)
  1266 0000F170 25          <       	DB	0x25       ;29 (002571)
  1267 0000F171 24          <       	DB	0x24       ;30 (002401)
  1268 0000F172 22          <       	DB	0x22       ;31 (0022DE)
  1269 0000F173 21          <       	DB	0x21       ;32 (0021C6)
  1270 0000F174 20          <       	DB	0x20       ;33 (0020B9)
  1271 0000F175 1F          <       	DB	0x1F       ;34 (001FF8)补	
  1272 0000F176 1F          <       	DB	0x1F       ;34 (001FB8)35
  1273 0000F177 1E          <       	DB	0x1E       ;35 (001F48)	补	
  1274 0000F178 1E          <       	DB	0x1E       ;35 (001EB2)
  1275 0000F179 1D          <       	DB	0x1D       ;36 (001DC4)
  1276 0000F17A 1C          <       	DB	0x1C       ;37 (001CE0)
  1277 0000F17B 1C          <       	DB	0x1C       ;38 (001C05)40
  1278 0000F17C 1B          <       	DB	0x1B       ;39 (001B33)
  1279 0000F17D 1A          <       	DB	0x1A       ;40 (001A61)
  1280 0000F17E 19          <       	DB	0x19       ;41 (00199E)
  1281 0000F17F 18          <       	DB	0x18       ;42 (0018E3)
  1282 0000F180 18          <       	DB	0x18       ;43 (001830)45
  1283 0000F181 17          <       	DB	0x17       ;44 (001783)
  1284 0000F182 16          <       	DB	0x16       ;45 (0016D8)
  1285 0000F183 16          <       	DB	0x16       ;46 (001638)
  1286 0000F184 15          <       	DB	0x15       ;47 (00159F)
  1287 0000F185 15          <       	DB	0x15       ;48 (00150B)50
  1288 0000F186 14          <       	DB	0x14       ;49 (00147D)
  1289 0000F187 13          <       	DB	0x13       ;50 (0013F3)
  1290 0000F188 13          <       	DB	0x13       ;51 (00136F)
  1291 0000F189 12          <       	DB	0x12       ;52 (0012F0)
  1292 0000F18A 12          <       	DB	0x12       ;53 (001275)55
  1293 0000F18B 12          <       	DB	0x12       ;54 (001235)	补
  1294 0000F18C 12          <       	DB	0x12       ;54 (001200)
  1295 0000F18D 11          <       	DB	0x11       ;55 (00118E)
  1296 0000F18E 11          <       	DB	0x11       ;56 (001120)
  1297 0000F18F 10          <       	DB	0x10       ;57 (0010B7)60
  1298 0000F190 10          <       	DB	0x10       ;58 (001052)
  1299 0000F191 0F          <       	DB	0x0F       ;59 (000FEF)
  1300 0000F192 0F          <       	DB	0x0F       ;60 (000F91)
  1301 0000F193 0F          <       	DB	0x0F       ;61 (000F36)
  1302 0000F194 0E          <       	DB	0x0E       ;62 (000EDE)65
  1303 0000F195 0E          <       	DB	0x0E       ;63 (000E88)
  1304 0000F196 0E          <       	DB	0x0E       ;64 (000E36)
  1305 0000F197 0D          <       	DB	0x0D       ;65 (000DE8)
  1306 0000F198 0D          <       	DB	0x0D       ;66 (000D9C)
  1307 0000F199 0D          <       	DB	0x0D       ;67 (000D52)70
  1308                      <       ;	DB	0x0D       ;68 (000D0A)
  1309                      <       ;	DB	0x0C       ;69 (000CC5)
  1310                      <       ;	DB	0x0C       ;70 (000C84)
  1311                      <       
  1312                      <       ;============================
  1313                      <       ; Low Byte
  1314                      <       ;============================
  1315 0000F19A             <       TableL0:
  1316 0000F19A EA          <       	DB	0xEA       ;0 (006DEA -> EA)
  1317 0000F19B 88          <       	DB	0x88       ;1 (006988 -> 88)
  1318 0000F19C 61          <       	DB	0x61       ;2 (006561 -> 61)
  1319 0000F19D 69          <       	DB	0x69       ;3 (006169 -> 69)
  1320 0000F19E 9F          <       	DB	0x9F       ;4 (005D9F -> 9F)
  1321 0000F19F 99          <       	DB	0x99       ;5 (005999 -> 99)
  1322 0000F1A0 26          <       	DB	0x26       ;6 (005626 -> 26)
  1323 0000F1A1 DD          <       	DB	0xDD       ;7 (0052DD -> DD)
  1324 0000F1A2 B9          <       	DB	0xB9       ;8 (004FB9 -> B9)
  1325 0000F1A3 BA          <       	DB	0xBA       ;9 (004CBA -> BA)
  1326 0000F1A4 89          <       	DB	0x89       ;10 (004989 -> 89)
  1327 0000F1A5 CE          <       	DB	0xCE       ;11 (0046CE -> CE)
  1328 0000F1A6 32          <       	DB	0x32       ;12 (004432 -> 32)
  1329 0000F1A7 B3          <       	DB	0xB3       ;13 (0041B3 -> B3)
  1330 0000F1A8 51          <       	DB	0x51       ;14 (003F51 -> 51)
  1331 0000F1A9 D1          <       	DB	0xD1       ;15 (003CD1 -> D1)
  1332 0000F1AA A3          <       	DB	0xA3       ;16 (003AA3 -> A3)
  1333 0000F1AB 8F          <       	DB	0x8F       ;17 (00388F -> 8F)
  1334 0000F1AC 90          <       	DB	0x90       ;18 (003690 -> 90)
  1335 0000F1AD A8          <       	DB	0xA8       ;19 (0034A8 -> A8)
  1336 0000F1AE AE          <       	DB	0xAE       ;20 (0032AE -> AE)
  1337 0000F1AF F0          <       	DB	0xF0       ;21 (0030F0 -> F0)
  1338 0000F1B0 44          <       	DB	0x44       ;22 (002F44 -> 44)
  1339 0000F1B1 AA          <       	DB	0xAA       ;23 (002DAA -> AA)
  1340 0000F1B2 21          <       	DB	0x21       ;24 (002C21 -> 21)
  1341 0000F1B3 A5          <       	DB	0xA5       ;25 (002AA5 -> A5)
  1342 0000F1B4 57          <       	DB	0x57       ;26 (002957 -> 57)
  1343 0000F1B5 FD          <       	DB	0xFD       ;27 (0027FD -> FD)
  1344 0000F1B6 B0          <       	DB	0xB0       ;28 (0026B0 -> B0)
  1345 0000F1B7 71          <       	DB	0x71       ;29 (002571 -> 71)
  1346 0000F1B8 01          <       	DB	0x01       ;30 (002401 -> 01)
  1347 0000F1B9 DE          <       	DB	0xDE       ;31 (0022DE -> DE)
  1348 0000F1BA C6          <       	DB	0xC6       ;32 (0021C6 -> C6)
  1349 0000F1BB B9          <       	DB	0xB9       ;33 (0020B9 -> B9)
  1350 0000F1BC F8          <       	DB	0xF8       ;34 (001FF8 -> B9)补	
  1351 0000F1BD B8          <       	DB	0xB8       ;34 (001FB8 -> B8)35
  1352 0000F1BE 48          <       	DB	0x48       ;35 (001EB2 -> B2)补	
  1353 0000F1BF B2          <       	DB	0xB2       ;35 (001EB2 -> B2)
  1354 0000F1C0 C4          <       	DB	0xC4       ;36 (001DC4 -> C4)
  1355 0000F1C1 E0          <       	DB	0xE0       ;37 (001CE0 -> E0)
  1356 0000F1C2 05          <       	DB	0x05       ;38 (001C05 -> 05)40
  1357 0000F1C3 33          <       	DB	0x33       ;39 (001B33 -> 33)
  1358 0000F1C4 61          <       	DB	0x61       ;40 (001A61 -> 61)
  1359 0000F1C5 9E          <       	DB	0x9E       ;41 (00199E -> 9E)
  1360 0000F1C6 E3          <       	DB	0xE3       ;42 (0018E3 -> E3)
  1361 0000F1C7 30          <       	DB	0x30       ;43 (001830 -> 30)45
  1362 0000F1C8 83          <       	DB	0x83       ;44 (001783 -> 83)
  1363 0000F1C9 D8          <       	DB	0xD8       ;45 (0016D8 -> D8)
  1364 0000F1CA 38          <       	DB	0x38       ;46 (001638 -> 38)
  1365 0000F1CB 9F          <       	DB	0x9F       ;47 (00159F -> 9F)
  1366 0000F1CC 0B          <       	DB	0x0B       ;48 (00150B -> 0B)50
  1367 0000F1CD 7D          <       	DB	0x7D       ;49 (00147D -> 7D)
  1368 0000F1CE F3          <       	DB	0xF3       ;50 (0013F3 -> F3)
  1369 0000F1CF 70          <       	DB	0x70       ;51 (00136F -> 70)
  1370 0000F1D0 F0          <       	DB	0xF0       ;52 (0012F0 -> F0)
  1371 0000F1D1 75          <       	DB	0x75       ;53 (001275 -> 75)55
  1372 0000F1D2 35          <       	DB	0x35       ;54 (001235 -> 00)补	
  1373 0000F1D3 00          <       	DB	0x00       ;54 (001200 -> 00)
  1374 0000F1D4 8E          <       	DB	0x8E       ;55 (00118E -> 8E)
  1375 0000F1D5 20          <       	DB	0x20       ;56 (001120 -> 20)
  1376 0000F1D6 B7          <       	DB	0xB7       ;57 (0010B7 -> B7)60
  1377 0000F1D7 52          <       	DB	0x52       ;58 (001052 -> 52)
  1378 0000F1D8 F3          <       	DB	0xF3       ;59 (000FEF -> F3)
  1379 0000F1D9 91          <       	DB	0x91       ;60 (000F91 -> 91)
  1380 0000F1DA 36          <       	DB	0x36       ;61 (000F36 -> 36)
  1381 0000F1DB DE          <       	DB	0xDE       ;62 (000EDE -> DE)65
  1382 0000F1DC 88          <       	DB	0x88       ;63 (000E88 -> 88)
  1383 0000F1DD 36          <       	DB	0x36       ;64 (000E36 -> 36)
  1384 0000F1DE E8          <       	DB	0xE8       ;65 (000DE8 -> E8)
  1385 0000F1DF 9C          <       	DB	0x9C       ;66 (000D9C -> 9C)
  1386 0000F1E0 52          <       	DB	0x52       ;67 (000D52 -> 52)70
  1387                      <       ;	DB	0x0A       ;68 (000D0A -> 0A)
  1388                      <       ;	DB	0xC5       ;69 (000CC5 -> C5)
  1389                      <       ;	DB	0x84       ;70 (000C84 -> 84)
  1390                      <       
  1391                      <       ;		
  1392                      <       ;TableDataL256_300:	.section
  1393                      <       ;;============================
  1394                      <       ;; Low Byte
  1395                      <       ;;============================
  1396                      <       ;TableL256:
  1397                      <       ;	DB	0x9F       ;256
  1398                      <       ;	DB	0x9C
  1399                      <       ;	DB	0x98
  1400                      <       ;	DB	0x95
  1401                      <       ;	DB	0x91       ;260
  1402                      <       ;	DB	0x8E
  1403                      <       ;	DB	0x8B
  1404                      <       ;	DB	0x88
  1405                      <       ;	DB	0x85
  1406                      <       ;	DB	0x82       ;265
  1407                      <       ;	DB	0x7F
  1408                      <       ;	DB	0x7C
  1409                      <       ;	DB	0x79
  1410                      <       ;	DB	0x76
  1411                      <       ;	DB	0x73       ;270
  1412                      <       ;	DB	0x71
  1413                      <       ;	DB	0x6E
  1414                      <       ;	DB	0x6B
  1415                      <       ;	DB	0x69
  1416                      <       ;	DB	0x66       ;275
  1417                      <       ;	DB	0x64
  1418                      <       ;	DB	0x62
  1419                      <       ;	DB	0x5F
  1420                      <       ;	DB	0x5D
  1421                      <       ;	DB	0x5B       ;280
  1422                      <       ;	DB	0x59
  1423                      <       ;	DB	0x56
  1424                      <       ;	DB	0x54
  1425                      <       ;	DB	0x52
  1426                      <       ;	DB	0x50       ;285
  1427                      <       ;	DB	0x4E
  1428                      <       ;	DB	0x4C
  1429                      <       ;	DB	0x4A
  1430                      <       ;	DB	0x48
  1431                      <       ;	DB	0x47       ;290
  1432                      <       ;	DB	0x45
  1433                      <       ;	DB	0x43
  1434                      <       ;	DB	0x41
  1435                      <       ;	DB	0x3F
  1436                      <       ;	DB	0x3E       ;295
  1437                      <       ;	DB	0x3C
  1438                      <       ;	DB	0x3B
  1439                      <       ;	DB	0x39
  1440                      <       ;	DB	0x37
  1441                      <       ;	DB	0x36       ;300
  1442                      <       ;		
  1443                      <       ;TableDataHN50_N1:	.section
  1444                      <       ;============================
  1445                      <       ; High Byte
  1446                      <       ;============================
  1447                      <       
  1448 0000F1E1             <       TableHN50:
  1449 0000F1E1 02          <       	DB	0x02       ;-40
  1450 0000F1E2 02          <       	DB	0x02
  1451 0000F1E3 02          <       	DB	0x02
  1452 0000F1E4 02          <       	DB	0x02
  1453 0000F1E5 02          <       	DB	0x02
  1454 0000F1E6 02          <       	DB	0x02       ;-35
  1455 0000F1E7 01          <       	DB	0x01
  1456 0000F1E8 01          <       	DB	0x01
  1457 0000F1E9 01          <       	DB	0x01
  1458 0000F1EA 01          <       	DB	0x01
  1459 0000F1EB 01          <       	DB	0x01       ;-30
  1460 0000F1EC 01          <       	DB	0x01
  1461 0000F1ED 01          <       	DB	0x01
  1462 0000F1EE 01          <       	DB	0x01
  1463 0000F1EF 01          <       	DB	0x01
  1464 0000F1F0 01          <       	DB	0x01       ;-25
  1465 0000F1F1 01          <       	DB	0x01
  1466 0000F1F2 01          <       	DB	0x01
  1467 0000F1F3 01          <       	DB	0x01
  1468 0000F1F4 01          <       	DB	0x01				
  1469                      <       ;	DB	0x01       ;-20
  1470                      <       ;	DB	0x01
  1471 0000F1F5 00          <       	DB	0x00		;-18==>-20  00ED45
  1472 0000F1F6 00          <       	DB	0x00		;补			00E845	
  1473 0000F1F7 00          <       	DB	0x00		;补			00E545
  1474 0000F1F8 00          <       	DB	0x00		;			00E2F5
  1475 0000F1F9 00          <       	DB	0x00
  1476 0000F1FA 00          <       	DB	0x00       ;-15
  1477 0000F1FB 00          <       	DB	0x00
  1478 0000F1FC 00          <       	DB	0x00
  1479 0000F1FD 00          <       	DB	0x00
  1480 0000F1FE 00          <       	DB	0x00
  1481 0000F1FF 00          <       	DB	0x00       ;-10
  1482 0000F200 00          <       	DB	0x00
  1483 0000F201 00          <       	DB	0x00
  1484 0000F202 00          <       	DB	0x00
  1485 0000F203 00          <       	DB	0x00
  1486 0000F204 00          <       	DB	0x00       ;-5
  1487 0000F205 00          <       	DB	0x00
  1488 0000F206 00          <       	DB	0x00
  1489 0000F207 00          <       	DB	0x00
  1490 0000F208 00          <       	DB	0x00       ;-1
  1491                      <       
  1492                      <       ;============================
  1493                      <       ; Mid Byte
  1494                      <       ;============================
  1495 0000F209             <       TableMN50:
  1496 0000F209 8B          <       	DB	0x8B       ;-40
  1497 0000F20A 6D          <       	DB	0x6D
  1498 0000F20B 51          <       	DB	0x51
  1499 0000F20C 36          <       	DB	0x36
  1500 0000F20D 1C          <       	DB	0x1C
  1501 0000F20E 04          <       	DB	0x04       ;-35
  1502 0000F20F EC          <       	DB	0xEC
  1503 0000F210 D6          <       	DB	0xD6
  1504 0000F211 C1          <       	DB	0xC1
  1505 0000F212 AC          <       	DB	0xAC
  1506 0000F213 99          <       	DB	0x99       ;-30
  1507 0000F214 86          <       	DB	0x86
  1508 0000F215 75          <       	DB	0x75
  1509 0000F216 64          <       	DB	0x64
  1510 0000F217 54          <       	DB	0x54
  1511 0000F218 45          <       	DB	0x45       ;-25
  1512 0000F219 36          <       	DB	0x36
  1513 0000F21A 29          <       	DB	0x29
  1514 0000F21B 1B          <       	DB	0x1B
  1515 0000F21C 0F          <       	DB	0x0F
  1516                      <       ;	DB	0x03       ;-20
  1517                      <       ;	DB	0xF8
  1518 0000F21D ED          <       	DB	0xED	;-18==>-20
  1519 0000F21E E8          <       	DB	0xE8	;补
  1520 0000F21F E5          <       	DB	0xE5	;补		
  1521 0000F220 E2          <       	DB	0xE2
  1522 0000F221 D9          <       	DB	0xD9
  1523 0000F222 CF          <       	DB	0xCF       ;-15
  1524 0000F223 C6          <       	DB	0xC6
  1525 0000F224 BE          <       	DB	0xBE
  1526 0000F225 B6          <       	DB	0xB6
  1527 0000F226 AE          <       	DB	0xAE
  1528 0000F227 A7          <       	DB	0xA7       ;-10
  1529 0000F228 A0          <       	DB	0xA0
  1530 0000F229 99          <       	DB	0x99
  1531 0000F22A 93          <       	DB	0x93
  1532 0000F22B 8D          <       	DB	0x8D
  1533 0000F22C 87          <       	DB	0x87       ;-5
  1534 0000F22D 81          <       	DB	0x81
  1535 0000F22E 7C          <       	DB	0x7C
  1536 0000F22F 77          <       	DB	0x77
  1537 0000F230 72          <       	DB	0x72       ;-1
  1538                      <       
  1539                      <       ;============================
  1540                      <       ; Low Byte
  1541                      <       ;============================
  1542 0000F231             <       TableLN50:
  1543 0000F231 02          <       	DB	0x02       ;-40
  1544 0000F232 90          <       	DB	0x90
  1545 0000F233 5E          <       	DB	0x5E
  1546 0000F234 70          <       	DB	0x70
  1547 0000F235 B7          <       	DB	0xB7
  1548 0000F236 2C          <       	DB	0x2C       ;-35
  1549 0000F237 BF          <       	DB	0xBF
  1550 0000F238 67          <       	DB	0x67
  1551 0000F239 16          <       	DB	0x16
  1552 0000F23A C4          <       	DB	0xC4
  1553 0000F23B 65          <       	DB	0x65       ;-30
  1554 0000F23C EE          <       	DB	0xEE
  1555 0000F23D 56          <       	DB	0x56
  1556 0000F23E 92          <       	DB	0x92
  1557 0000F23F 98          <       	DB	0x98
  1558 0000F240 60          <       	DB	0x60       ;-25
  1559 0000F241 E1          <       	DB	0xE1
  1560 0000F242 12          <       	DB	0x12
  1561 0000F243 EB          <       	DB	0xEB
  1562 0000F244 64          <       	DB	0x64
  1563                      <       ;	DB	0x76       ;-20
  1564                      <       ;	DB	0x18
  1565 0000F245 45          <       	DB	0x45		;-18==>-20
  1566 0000F246 45          <       	DB	0x45		;补
  1567 0000F247 45          <       	DB	0x45		;补
  1568 0000F248 F5          <       	DB	0xF5
  1569 0000F249 22          <       	DB	0x22
  1570 0000F24A C7          <       	DB	0xC7       ;-15
  1571 0000F24B DE          <       	DB	0xDE
  1572 0000F24C 5F          <       	DB	0x5F
  1573 0000F24D 48          <       	DB	0x48
  1574 0000F24E 92          <       	DB	0x92
  1575 0000F24F 39          <       	DB	0x39       ;-10
  1576 0000F250 37          <       	DB	0x37
  1577 0000F251 8A          <       	DB	0x8A
  1578 0000F252 2D          <       	DB	0x2D
  1579 0000F253 1B          <       	DB	0x1B
  1580 0000F254 C3          <       	DB	0xC3       ;-5
  1581 0000F255 CD          <       	DB	0xCD
  1582 0000F256 89          <       	DB	0x89
  1583 0000F257 84          <       	DB	0x84
  1584 0000F258 BA          <       	DB	0xBA       ;-1
  1585                                  .ends
  1586                                 
  1587                              .PUBLIC	F_Calculate_Temp
  1588                              .PUBLIC	F_Calculate_Hum
  1589                              .PUBLIC	F_Temp_C2F_Modul
  1590                              ;RFC_Cal   .section
  1591 0000E1B1                     .CODE
  1592 0000E1B1                     F_ClearCalc_RAM:
  1593 0000E1B1 A9 00               	LDA		#0
  1594 0000E1B3 85 DB               	STA		R_Calculate_Temp0
  1595 0000E1B5 85 DC               	STA		R_Calculate_Temp1
  1596 0000E1B7 85 DD               	STA		R_Calculate_Temp2
  1597 0000E1B9 85 DE               	STA		R_Calculate_Temp3
  1598 0000E1BB 85 CB               	STA		R_Calculate_Data4
  1599 0000E1BD 85 CC               	STA		R_Calculate_Data5
  1600 0000E1BF 85 CD               	STA		R_Calculate_Data6
  1601 0000E1C1 85 CE               	STA		R_Calculate_Data7
  1602 0000E1C3 85 CF               	STA		R_Calculate_Data8
  1603 0000E1C5 85 D0               	STA		R_Calculate_Data9
  1604                              	
  1605 0000E1C7 85 DB               	STA		R_Calculate_Temp0
  1606 0000E1C9 85 DC               	STA		R_Calculate_Temp1
  1607 0000E1CB 85 DD               	STA		R_Calculate_Temp2
  1608 0000E1CD 85 DE               	STA		R_Calculate_Temp3
  1609                              	
  1610 0000E1CF 85 D1               	STA		R_Calculate_Result0
  1611 0000E1D1 85 D2               	STA		R_Calculate_Result1
  1612 0000E1D3 85 D3               	STA		R_Calculate_Result2
  1613 0000E1D5 85 D4               	STA		R_Calculate_Result3
  1614 0000E1D7 85 D5               	STA		R_Calculate_Result4
  1615 0000E1D9 85 D6               	STA		R_Calculate_Result5
  1616 0000E1DB 85 D7               	STA		R_Calculate_Result6
  1617 0000E1DD 85 D8               	STA		R_Calculate_Result7
  1618 0000E1DF 85 D9               	STA		R_Calculate_Result8
  1619 0000E1E1 85 DA               	STA		R_Calculate_Result9
  1620 0000E1E3 60                  	RTS	
  1621                              ;========================================================
  1622 0000E1E4                     F_Calculate_Hum:
  1623 0000E1E4 20 B1 E1            	JSR		F_ClearCalc_RAM
  1624                              	
  1625                              	
  1626 0000E1E7 AD C2 01            	LDA		RW_HumValue
  1627 0000E1EA 8D CE 01            	STA		Temp_LB
  1628 0000E1ED AD C3 01            	LDA		RW_HumValue+1
  1629 0000E1F0 8D CF 01            	STA		Temp_MB
  1630                              	
  1631 0000E1F3 AD C9 01            	LDA		RW_AvgRefValue
  1632 0000E1F6 8D D9 01            	STA		Rref_LB
  1633 0000E1F9 AD CA 01            	LDA		RW_AvgRefValue+1
  1634 0000E1FC 8D DA 01            	STA		Rref_HB
  1635                              ;============================	
  1636                              ;Get Ohm = X ohm = ((TempTimer*50Kohm)/ RrefTimer)*2
  1637                              ;============================		
  1638                              
  1639                              	
  1640 0000E1FF AD D9 01            	LDA		Rref_LB	;Temp_LB
  1641 0000E202 85 DB               	STA		R_Calculate_Temp0
  1642 0000E204 AD DA 01            	LDA		Rref_HB	;Temp_MB
  1643 0000E207 85 DC               	STA		R_Calculate_Temp1
  1644 0000E209 A9 00               	LDA		#00h	;Temp_HB	;yanxiaodu
  1645 0000E20B 85 DD               	STA		R_Calculate_Temp2
  1646 0000E20D 20 97 E6            	JSR		F_CulXohm
  1647                              	
  1648 0000E210 38                  	SEC
  1649 0000E211 A5 D1                   LDA     R_Calculate_Result0
  1650 0000E213 E9 10                   SBC     #0x10
  1651 0000E215 85 D1                   STA     R_Calculate_Result0
  1652 0000E217 A5 D2                   LDA     R_Calculate_Result1
  1653 0000E219 E9 27                   SBC     #0x27
  1654 0000E21B 85 D2                   STA     R_Calculate_Result1	
  1655                                  
  1656 0000E21D A5 D1               	LDA		R_Calculate_Result0
  1657 0000E21F 8D CE 01            	STA		Temp_LB
  1658 0000E222 A5 D2               	LDA		R_Calculate_Result1
  1659 0000E224 8D CF 01            	STA		Temp_MB
  1660 0000E227 A5 D3               	LDA		R_Calculate_Result2
  1661 0000E229 8D D0 01            	STA		Temp_HB
  1662                              ;;============================	
  1663                              ;;Check Table Up & Down limit
  1664                              ;;============================
  1665 0000E22C                     ?L_C50:                          ;check < -50
  1666                              
  1667 0000E22C 38                  	SEC
  1668 0000E22D A9 41               	LDA		#.LOW.C_RHUM_MAX                ;follow Table  修改为你自己湿度传感器的最大值阻抗
  1669 0000E22F E5 D1               	SBC		R_Calculate_Result0
  1670 0000E231 A9 22               	LDA		#.HIGH.C_RHUM_MAX   ;FCH
  1671 0000E233 E5 D2               	SBC		R_Calculate_Result1
  1672 0000E235 A9 11               	LDA		#.HIGH8.C_RHUM_MAX   ;15H
  1673 0000E237 E5 D3               	SBC		R_Calculate_Result2
  1674 0000E239 B0 12               	BCS		?L_C200
  1675 0000E23B A9 14               	LDA		#C_HUM_MIN;50
  1676 0000E23D 8D DA 01            	STA		Rref_HB
  1677 0000E240 A9 00               	LDA		#00H;0
  1678 0000E242 8D D9 01            	STA		Rref_LB
  1679 0000E245 A9 00               	LDA		#00H  ;000
  1680 0000E247 8D DB 01            	STA		R_Temp_H_bytes
  1681                              	;00
  1682 0000E24A 4C BD E3            	JMP		?L_finalTMP
  1683                              	
  1684 0000E24D                     ?L_C200:                         ;check > 300
  1685 0000E24D 38                  	SEC
  1686 0000E24E A9 6E               	LDA		#.LOW.C_RHUM_MIN                ;follow Table	修改为你自己湿度传感器的最小值阻抗
  1687 0000E250 E5 D1               	SBC		R_Calculate_Result0
  1688 0000E252 A9 17               	LDA		#.HIGH.C_RHUM_MIN   ;FCH
  1689 0000E254 E5 D2               	SBC		R_Calculate_Result1
  1690 0000E256 A9 00               	LDA		#.HIGH8.C_RHUM_MIN   ;15H
  1691 0000E258 E5 D3               	SBC		R_Calculate_Result2
  1692 0000E25A 90 12               	BCC		?L_CEnd
  1693 0000E25C A9 00               	LDA		#00H  ;000
  1694 0000E25E 8D DB 01            	STA		R_Temp_H_bytes
  1695 0000E261 A9 5A               	LDA		#C_HUM_MAX  ;28H  40°			C8H		;200°
  1696 0000E263 8D DA 01            	STA		Rref_HB
  1697 0000E266 A9 00               	LDA		#00H;0
  1698 0000E268 8D D9 01            	STA		Rref_LB
  1699                              
  1700 0000E26B 4C BD E3            	JMP		?L_finalTMP
  1701 0000E26E                     ?L_CEnd:
  1702 0000E26E AD C8 01            	LDA		RW_LastTem+2
  1703 0000E271 F0 04               	BEQ		?L_Normal_x
  1704 0000E273                     ?L_Max_temp_humx:
  1705 0000E273 A2 28               	LDX		#28h
  1706 0000E275 D0 10               	BNE		?L_search_done
  1707 0000E277                     ?L_Normal_x:
  1708                              ;====SEARCH  TEMP INDEX=================
  1709 0000E277 A2 FC               	LDX		#FCh		;此处FC配合下面的4个INX 组成X是0 的结果，不可修改。
  1710 0000E279                     ?L_Search_temp:
  1711 0000E279 E8                  	INX
  1712 0000E27A E8                  	INX
  1713 0000E27B E8                  	INX
  1714 0000E27C E8                  	INX
  1715 0000E27D AD C7 01            	LDA		RW_LastTem+1
  1716 0000E280 DD 59 F2            	CMP		T_R_H_BLOCK,X
  1717 0000E283 F0 02               	BEQ		?L_search_done
  1718 0000E285 B0 F2               	BCS		?L_Search_temp
  1719 0000E287                     ?L_search_done:
  1720                              ;====找到 温度对应的湿度表格======
  1721 0000E287 BD 5A F2            	LDA		T_R_H_BLOCK+1,X
  1722 0000E28A 85 E1               	STA		R_Index_jmp
  1723 0000E28C BD 5B F2            	LDA		T_R_H_BLOCK+2,X
  1724 0000E28F 85 E2               	STA		R_Index_jmp+1
  1725 0000E291 BD 5C F2            	LDA		T_R_H_BLOCK+3,X			;end
  1726 0000E294 38                  	SEC
  1727 0000E295 E9 01               	SBC		#01H
  1728 0000E297 8D D4 01            	STA		R_Index_end
  1729 0000E29A                     ?L_goon_find:
  1730 0000E29A A8                  	TAY
  1731 0000E29B 88                  	DEY
  1732 0000E29C 88                  	DEY
  1733 0000E29D B1 E1               	LDA		(R_Index_jmp),Y
  1734 0000E29F CD D0 01            	CMP		Temp_HB
  1735 0000E2A2 F0 12               	BEQ		?L_Check_MB
  1736 0000E2A4 B0 42               	BCS		?L_Find
  1737 0000E2A6 CE D4 01            	DEC		R_Index_end
  1738 0000E2A9 CE D4 01            	DEC		R_Index_end
  1739 0000E2AC CE D4 01            	DEC		R_Index_end
  1740 0000E2AF AD D4 01            	LDA		R_Index_end
  1741 0000E2B2 30 34               	BMI		?L_Find
  1742 0000E2B4 D0 E4               	BNE		?L_goon_find
  1743 0000E2B6                     ?L_Check_MB:
  1744 0000E2B6 C8                  	INY
  1745 0000E2B7 B1 E1               	LDA		(R_Index_jmp),Y
  1746 0000E2B9 CD CF 01            	CMP		Temp_MB
  1747 0000E2BC B0 2A               	BCS		?L_Find
  1748 0000E2BE F0 10               	BEQ		?L_Check_LB
  1749 0000E2C0 CE D4 01            	DEC		R_Index_end
  1750 0000E2C3 CE D4 01            	DEC		R_Index_end
  1751 0000E2C6 CE D4 01            	DEC		R_Index_end
  1752 0000E2C9 AD D4 01            	LDA		R_Index_end
  1753 0000E2CC 30 1A               	BMI		?L_Find
  1754 0000E2CE D0 CA               	BNE		?L_goon_find
  1755 0000E2D0                     ?L_Check_LB:
  1756 0000E2D0 C8                  	INY
  1757 0000E2D1 B1 E1               	LDA		(R_Index_jmp),Y
  1758 0000E2D3 CD CE 01            	CMP		Temp_LB
  1759 0000E2D6 B0 10               	BCS		?L_Find
  1760 0000E2D8 CE D4 01            	DEC		R_Index_end
  1761 0000E2DB CE D4 01            	DEC		R_Index_end
  1762 0000E2DE CE D4 01            	DEC		R_Index_end
  1763 0000E2E1 AD D4 01            	LDA		R_Index_end
  1764 0000E2E4 30 02               	BMI		?L_Find
  1765 0000E2E6 D0 B2               	BNE		?L_goon_find
  1766                              	
  1767                              	
  1768 0000E2E8                     ?L_Find:		;R_Index_end 当前阻抗所在，再找出下一组阻抗，进行比较
  1769 0000E2E8 AC D4 01            	LDY		R_Index_end
  1770 0000E2EB B1 E1               	LDA		(R_Index_jmp),Y
  1771 0000E2ED 85 DB               	STA		R_Calculate_Temp0
  1772 0000E2EF 88                  	DEY
  1773 0000E2F0 B1 E1               	LDA		(R_Index_jmp),Y
  1774 0000E2F2 85 DC               	STA		R_Calculate_Temp1
  1775 0000E2F4 88                  	DEY
  1776 0000E2F5 B1 E1               	LDA		(R_Index_jmp),Y
  1777 0000E2F7 85 DD               	STA		R_Calculate_Temp2
  1778                              	
  1779 0000E2F9 AC D4 01            	LDY		R_Index_end
  1780 0000E2FC C8                  	INY		
  1781 0000E2FD B1 E1               	LDA		(R_Index_jmp),Y
  1782 0000E2FF 8D D8 01            	STA		R_Hum_data_next2
  1783 0000E302 C8                  	INY		
  1784 0000E303 B1 E1               	LDA		(R_Index_jmp),Y
  1785 0000E305 8D D7 01            	STA		R_Hum_data_next1
  1786 0000E308 C8                  	INY	
  1787 0000E309 B1 E1               	LDA		(R_Index_jmp),Y
  1788 0000E30B 8D D6 01            	STA		R_Hum_data_next0
  1789                              	
  1790 0000E30E 38                  	SEC
  1791 0000E30F A5 DB               	LDA		R_Calculate_Temp0
  1792 0000E311 ED D6 01            	SBC		R_Hum_data_next0
  1793 0000E314 85 C7               	STA		R_Calculate_Data0
  1794 0000E316 A5 DC               	LDA		R_Calculate_Temp1
  1795 0000E318 ED D7 01            	SBC		R_Hum_data_next1
  1796 0000E31B 85 C8               	STA		R_Calculate_Data1
  1797 0000E31D A5 DD               	LDA		R_Calculate_Temp2
  1798 0000E31F ED D8 01            	SBC		R_Hum_data_next2
  1799 0000E322 85 C9               	STA		R_Calculate_Data2
  1800                              	
  1801                              	
  1802 0000E324 A9 00               	LDA		#00H
  1803 0000E326 85 CA               	STA		R_Calculate_Data3
  1804 0000E328 85 CB               	STA		R_Calculate_Data4
  1805 0000E32A 85 CD               	STA		R_Calculate_Data6
  1806 0000E32C 85 CE               	STA		R_Calculate_Data7
  1807 0000E32E 85 CF               	STA		R_Calculate_Data8
  1808 0000E330 A9 05               	LDA		#05H		;03H
  1809 0000E332 85 CC               	STA		R_Calculate_Data5
  1810 0000E334 20 2D E7            	JSR		F_CalDiv_UnSign32
  1811 0000E337 A9 00               	LDA		#00H
  1812 0000E339 8D D5 01            	STA		R_Hum_Index
  1813 0000E33C                     ?L_Goon_check:
  1814 0000E33C 18                  	CLC
  1815 0000E33D AD D6 01            	LDA		R_Hum_data_next0		;Temp_LB
  1816 0000E340 65 D1               	ADC		R_Calculate_Result0
  1817 0000E342 8D D6 01            	STA		R_Hum_data_next0
  1818 0000E345 AD D7 01            	LDA		R_Hum_data_next1
  1819 0000E348 65 D2               	ADC		R_Calculate_Result1
  1820 0000E34A 8D D7 01            	STA		R_Hum_data_next1
  1821 0000E34D AD D8 01            	LDA		R_Hum_data_next2
  1822 0000E350 69 00               	ADC		#00H
  1823 0000E352 8D D8 01            	STA		R_Hum_data_next2
  1824                              	
  1825 0000E355 EE D5 01            	INC		R_Hum_Index	
  1826                              	
  1827 0000E358 AD D0 01            	LDA		Temp_HB
  1828 0000E35B CD D8 01            	CMP		R_Hum_data_next2
  1829 0000E35E F0 04               	BEQ		?L_MB
  1830 0000E360 B0 DA               	BCS		?L_Goon_check
  1831 0000E362 90 16               	BCC		?L_Hum_index_confirm
  1832 0000E364                     ?L_MB:
  1833 0000E364 AD CF 01            	LDA		Temp_MB
  1834 0000E367 CD D7 01            	CMP		R_Hum_data_next1
  1835 0000E36A F0 04               	BEQ		?L_LB
  1836 0000E36C B0 CE               	BCS		?L_Goon_check
  1837 0000E36E 90 0A               	BCC		?L_Hum_index_confirm
  1838 0000E370                     ?L_LB:
  1839 0000E370 AD CE 01            	LDA		Temp_LB
  1840 0000E373 CD D6 01            	CMP		R_Hum_data_next0
  1841 0000E376 F0 02               	BEQ		?L_Hum_index_confirm
  1842 0000E378 B0 C2               	BCS		?L_Goon_check
  1843                              	
  1844 0000E37A                     ?L_Hum_index_confirm:	
  1845 0000E37A AE D4 01            	LDX		R_Index_end
  1846 0000E37D E8                  	INX
  1847 0000E37E 86 C7               	STX		R_Calculate_Data0
  1848 0000E380 A9 00               	LDA		#00H
  1849 0000E382 85 C8               	STA		R_Calculate_Data1
  1850 0000E384 85 CC               	STA		R_Calculate_Data5
  1851 0000E386 A9 03               	LDA		#03H
  1852 0000E388 85 CB               	STA		R_Calculate_Data4
  1853 0000E38A 20 E3 E7            	JSR		F_CalDiv_UnSign16
  1854 0000E38D A5 D1               	LDA		R_Calculate_Result0
  1855 0000E38F 85 C7               	STA		R_Calculate_Data0
  1856 0000E391 A9 05               	LDA		#05h	;04H
  1857 0000E393 85 CB               	STA		R_Calculate_Data4
  1858                              	
  1859 0000E395 A9 00               	LDA		#00h
  1860 0000E397 85 C8               	STA		R_Calculate_Data1
  1861 0000E399 85 C9               	STA		R_Calculate_Data2
  1862 0000E39B 85 CA               	STA		R_Calculate_Data3
  1863 0000E39D 85 CC               	STA		R_Calculate_Data5
  1864 0000E39F 85 CD               	STA		R_Calculate_Data6
  1865 0000E3A1 85 CE               	STA		R_Calculate_Data7
  1866                              	
  1867 0000E3A3 20 E5 E6            	JSR		F_CalMul_UnSign24
  1868 0000E3A6 18                  	CLC
  1869 0000E3A7 A5 D1               	LDA		R_Calculate_Result0
  1870 0000E3A9 69 14               	ADC		#C_HUM_MIN
  1871 0000E3AB 38                  	SEC
  1872 0000E3AC ED D5 01            	SBC		R_Hum_Index
  1873 0000E3AF 8D CD 01            	STA		RB_HumDataBCD
  1874 0000E3B2 8D DA 01            	STA		Rref_HB
  1875 0000E3B5 A9 00               	LDA		#00h
  1876 0000E3B7 8D D9 01            	STA		Rref_LB
  1877 0000E3BA 8D DB 01            	STA		R_Temp_H_bytes
  1878                              
  1879 0000E3BD                     ?L_finalTMP:
  1880                              ;============================	
  1881                              ; Find Final Temp & Display
  1882                              ;============================
  1883 0000E3BD                     ?L_C_50:
  1884 0000E3BD                     ?L_EndTemperCalc:
  1885 0000E3BD 20 EB E4            		JSR		F_F_C_Calc
  1886 0000E3C0 8D CD 01            		STA		RB_HumDataBCD
  1887 0000E3C3 60                  		RTS
  1888                              ;=========================================================================	
  1889 0000E3C4                     F_Calculate_Temp:
  1890 0000E3C4 20 B1 E1            	JSR		F_ClearCalc_RAM
  1891                              	
  1892 0000E3C7 AD C4 01            	LDA		RW_TmpValue
  1893 0000E3CA 8D CE 01            	STA		Temp_LB
  1894 0000E3CD AD C5 01            	LDA		RW_TmpValue+1
  1895 0000E3D0 8D CF 01            	STA		Temp_MB
  1896                              	
  1897 0000E3D3 AD C9 01            	LDA		RW_AvgRefValue
  1898 0000E3D6 8D D9 01            	STA		Rref_LB
  1899 0000E3D9 AD CA 01            	LDA		RW_AvgRefValue+1
  1900 0000E3DC 8D DA 01            	STA		Rref_HB
  1901                              ;============================	
  1902                              ;Get Ohm = X ohm = ((TempTimer*50Kohm)/ RrefTimer)*2
  1903                              ;============================		
  1904                              
  1905                              	
  1906 0000E3DF AD D9 01            	LDA		Rref_LB	;Temp_LB
  1907 0000E3E2 85 DB               	STA		R_Calculate_Temp0
  1908 0000E3E4 AD DA 01            	LDA		Rref_HB	;Temp_MB
  1909 0000E3E7 85 DC               	STA		R_Calculate_Temp1
  1910 0000E3E9 A9 00               	LDA		#00h	;Temp_HB	;yanxiaodu
  1911 0000E3EB 85 DD               	STA		R_Calculate_Temp2
  1912 0000E3ED 20 97 E6            	JSR		F_CulXohm
  1913                              	
  1914 0000E3F0 38                   	SEC		;减
  1915 0000E3F1 A5 D1                   LDA     R_Calculate_Result0
  1916 0000E3F3 E9 10                   SBC     #0x10
  1917 0000E3F5 85 D1                   STA     R_Calculate_Result0
  1918 0000E3F7 A5 D2                   LDA     R_Calculate_Result1
  1919 0000E3F9 E9 27                   SBC     #0x27
  1920 0000E3FB 85 D2                   STA     R_Calculate_Result1	
  1921                              
  1922                              
  1923                              ;;============================	
  1924                              ;;Check Table Up & Down limit
  1925                              ;;============================
  1926 0000E3FD                     ?L_C50:                          ;check < -50
  1927 0000E3FD A9 00               	LDA		#00H
  1928 0000E3FF 8D DC 01            	STA		R_Temp_N_bytes
  1929 0000E402 38                  	SEC
  1930 0000E403 A9 EA               	LDA		#.LOW.C_Temp_0C                ;follow Table
  1931 0000E405 E5 D1               	SBC		R_Calculate_Result0
  1932 0000E407 A9 6D               	LDA		#.HIGH.C_Temp_0C   ;FCH
  1933 0000E409 E5 D2               	SBC		R_Calculate_Result1
  1934 0000E40B A9 00               	LDA		#.HIGH8.C_Temp_0C   ;15H
  1935 0000E40D E5 D3               	SBC		R_Calculate_Result2
  1936 0000E40F B0 21               	BCS		?L_C200
  1937 0000E411 38                  	SEC
  1938 0000E412 A9 02               	LDA		#.LOW.C_Temp_N10C                ;follow Table
  1939 0000E414 E5 D1               	SBC		R_Calculate_Result0
  1940 0000E416 A9 8B               	LDA		#.HIGH.C_Temp_N10C   ;FCH
  1941 0000E418 E5 D2               	SBC		R_Calculate_Result1
  1942 0000E41A A9 02               	LDA		#.HIGH8.C_Temp_N10C   ;15H
  1943 0000E41C E5 D3               	SBC		R_Calculate_Result2
  1944 0000E41E B0 33               	BCS		?L_N50
  1945                              	
  1946 0000E420 A9 28               	LDA		#C_TEMPER_NMAX;50			;-50
  1947 0000E422 8D DA 01            	STA		Rref_HB
  1948 0000E425 A9 00               	LDA		#00H;0
  1949 0000E427 8D D9 01            	STA		Rref_LB
  1950 0000E42A A9 80               	LDA		#80H
  1951 0000E42C 8D DC 01            	STA		R_Temp_N_bytes
  1952                              	;00
  1953 0000E42F 4C C5 E4            	JMP		?L_finalTMP
  1954                              	
  1955 0000E432                     ?L_C200:                         ;check > 300
  1956 0000E432 38                  	SEC
  1957 0000E433 A9 84               	LDA		#.LOW.C_Temp_250C                ;follow Table
  1958 0000E435 E5 D1               	SBC		R_Calculate_Result0
  1959 0000E437 A9 0C               	LDA		#.HIGH.C_Temp_250C   ;FCH
  1960 0000E439 E5 D2               	SBC		R_Calculate_Result1
  1961 0000E43B A9 00               	LDA		#.HIGH8.C_Temp_250C   ;15H
  1962 0000E43D E5 D3               	SBC		R_Calculate_Result2
  1963 0000E43F 90 55               	BCC		?L_CEnd
  1964 0000E441 A9 00               	LDA		#00H  ;000
  1965 0000E443 8D DB 01            	STA		R_Temp_H_bytes
  1966 0000E446 A9 46               	LDA		#C_TEMPER_MAX  ;28H  40°			C8H		;200°
  1967 0000E448 8D DA 01            	STA		Rref_HB
  1968 0000E44B A9 00               	LDA		#00H;0
  1969 0000E44D 8D D9 01            	STA		Rref_LB
  1970                              
  1971 0000E450 4C C5 E4            	JMP		?L_finalTMP
  1972 0000E453                     ?L_N50:
  1973 0000E453 A9 00               	LDA		#00H
  1974 0000E455 8D DA 01            	STA		Rref_HB
  1975 0000E458 A9 29               	LDA		#C_TEMPER_NMAX+1			;29h  41
  1976 0000E45A 8D D9 01            	STA		Rref_LB
  1977 0000E45D 20 AC E5            	JSR		F_50_1
  1978 0000E460 20 2B E6            	JSR		F_A_0
  1979 0000E463 A5 D1               	LDA		R_Calculate_Result0
  1980 0000E465 D0 16               	BNE		?L_N50Combine0
  1981 0000E467 A9 28               	LDA		#C_TEMPER_NMAX
  1982 0000E469 38                  	SEC
  1983 0000E46A ED D9 01            	SBC		Rref_LB
  1984                              ;	LDA		Rref_LB
  1985 0000E46D 8D DA 01            	STA		Rref_HB
  1986 0000E470 A5 D1               	LDA		R_Calculate_Result0
  1987 0000E472 8D D9 01            	STA		Rref_LB
  1988 0000E475 A9 80               	LDA		#80H
  1989 0000E477 8D DC 01            	STA		R_Temp_N_bytes
  1990 0000E47A 4C C5 E4            	JMP		?L_finalTMP
  1991 0000E47D                     ?L_N50Combine0:	
  1992                              
  1993 0000E47D 8D D9 01            	STA		Rref_LB
  1994 0000E480                     ?L_FinalN50:
  1995 0000E480 38                  	SEC
  1996 0000E481 A9 28               	LDA		#C_TEMPER_NMAX
  1997 0000E483 ED DA 01            	SBC		Rref_HB
  1998 0000E486 8D DA 01            	STA		Rref_HB
  1999 0000E489 A9 80               	LDA		#80H
  2000 0000E48B 8D DC 01            	STA		R_Temp_N_bytes
  2001 0000E48E A9 00               	LDA		#00H
  2002 0000E490 8D DB 01            	STA		R_Temp_H_bytes
  2003                              	
  2004 0000E493 4C C5 E4            	JMP		?L_finalTMP
  2005 0000E496                     ?L_CEnd:
  2006                              ;============================	
  2007                              ;Divid two Table -50~-1, -1~0 ,0~255 ,256~300
  2008                              ;============================	
  2009                              
  2010 0000E496 A9 00               	LDA		#00H
  2011 0000E498 8D DA 01            	STA		Rref_HB
  2012 0000E49B A9 47               	LDA		#C_TEMPER_MAX+1			;29h  41
  2013 0000E49D 8D D9 01            	STA		Rref_LB
  2014 0000E4A0 20 2D E5            	JSR		F_0_255
  2015 0000E4A3 20 2B E6            	JSR		F_A_0
  2016 0000E4A6 A5 D1               	LDA		R_Calculate_Result0
  2017 0000E4A8 D0 0E               	BNE		?L_Combine0
  2018                              
  2019 0000E4AA AD D9 01            	LDA		Rref_LB
  2020 0000E4AD 8D DA 01            	STA		Rref_HB
  2021                              
  2022 0000E4B0 A5 D1               	LDA		R_Calculate_Result0
  2023 0000E4B2 8D D9 01            	STA		Rref_LB
  2024 0000E4B5 4C C0 E4            	JMP		?L_Final0
  2025 0000E4B8                     ?L_Combine0:	
  2026 0000E4B8 38                  	SEC
  2027 0000E4B9 A9 0A               	LDA		#0AH
  2028 0000E4BB E5 D1               	SBC		R_Calculate_Result0
  2029 0000E4BD 8D D9 01            	STA		Rref_LB
  2030 0000E4C0                     ?L_Final0:
  2031 0000E4C0 A9 00               	LDA		#00H
  2032 0000E4C2 8D DB 01            	STA		R_Temp_H_bytes
  2033                              
  2034 0000E4C5                     ?L_finalTMP:
  2035 0000E4C5 AD DA 01            	LDA		Rref_HB
  2036 0000E4C8 85 DF               	STA		R_Temp_Lram
  2037 0000E4CA AD D9 01            	LDA		Rref_LB
  2038 0000E4CD 85 E0               	STA		R_Temp_Lram+1
  2039                              ;============================	
  2040                              ; Find Final Temp & Display
  2041                              ;============================
  2042 0000E4CF                     ?L_C_50:
  2043                              	;RW_LastTem+1  xx°C
  2044                              	;RW_LastTem  .xx °C
  2045 0000E4CF                     ?L_EndTemperCalc:
  2046 0000E4CF 20 DC E4            		JSR		F_C_Calc
  2047 0000E4D2 8E C8 01            		STX		RW_LastTem+2
  2048 0000E4D5 8D C7 01            		STA		RW_LastTem+1
  2049 0000E4D8 8C C6 01            		STY		RW_LastTem
  2050                              
  2051 0000E4DB 60                  		RTS
  2052                              ;============================	
  2053                              ; Find C	Temp  单独调用此函数出来的结果会是C模式，任何时候需要格式转化都可以调用
  2054                              ;============================	
  2055 0000E4DC                     F_C_Calc:
  2056 0000E4DC A5 DF               	LDA		R_Temp_Lram
  2057 0000E4DE 8D DA 01            	STA		Rref_HB
  2058 0000E4E1 A5 E0               	LDA		R_Temp_Lram+1
  2059 0000E4E3 8D D9 01            	STA		Rref_LB
  2060 0000E4E6 A9 00               	LDA		#00h
  2061 0000E4E8 8D DB 01            	STA		R_Temp_H_bytes
  2062 0000E4EB                     F_F_C_Calc:
  2063 0000E4EB AD DA 01            	LDA		Rref_HB           ;0x00
  2064 0000E4EE 85 C7               	STA		R_Calculate_Data0
  2065 0000E4F0 AD DB 01            	LDA		R_Temp_H_bytes         ;0x01 DEC=256
  2066 0000E4F3 85 C8               	STA		R_Calculate_Data1
  2067 0000E4F5 A9 0A               	LDA		#0AH
  2068 0000E4F7 85 CB               	STA		R_Calculate_Data4
  2069 0000E4F9 A9 00               	LDA		#00H
  2070 0000E4FB 85 CC               	STA		R_Calculate_Data5
  2071 0000E4FD 20 E3 E7            	JSR		F_CalDiv_UnSign16
  2072                              	
  2073 0000E500 A5 D3               	LDA		R_Calculate_Result2  ;6:Remainder
  2074 0000E502 8D DA 01            	STA		Rref_HB
  2075 0000E505 A5 D1               	LDA		R_Calculate_Result0
  2076 0000E507 85 C7               	STA		R_Calculate_Data0
  2077 0000E509 A9 00               	LDA		#00H
  2078 0000E50B 85 C8               	STA		R_Calculate_Data1
  2079 0000E50D 85 CC               	STA		R_Calculate_Data5
  2080 0000E50F A9 0A               	LDA		#0AH
  2081 0000E511 85 CB               	STA		R_Calculate_Data4
  2082 0000E513 20 E3 E7            	JSR		F_CalDiv_UnSign16
  2083                              
  2084 0000E516 AD DA 01            		LDA		Rref_HB
  2085 0000E519 85 C7               		STA		R_Calculate_Data0
  2086 0000E51B A5 D3               		LDA		R_Calculate_Result2
  2087 0000E51D 2A                  		ROL		A
  2088 0000E51E 2A                  		ROL		A
  2089 0000E51F 2A                  		ROL		A
  2090 0000E520 2A                  		ROL		A
  2091 0000E521 29 F0               		AND		#F0H
  2092 0000E523 05 C7               		ORA		R_Calculate_Data0
  2093 0000E525 85 C7               		STA		R_Calculate_Data0		;十位个位
  2094 0000E527 AC D9 01            		LDY		Rref_LB			;小数点
  2095 0000E52A A6 D1               		LDX		R_Calculate_Result0			;百位
  2096                              	
  2097 0000E52C 60                  	RTS
  2098                              ;============================	
  2099                              ;Find Temp by Table
  2100                              ;============================
  2101                              ;0<-->255 calc process
  2102 0000E52D                     F_0_255:
  2103 0000E52D A9 AA               	LDA		#D_WDT_Clear
  2104 0000E52F 85 20               	STA		P_WDT_Flag_Clear
  2105 0000E531                     L_255S:	
  2106 0000E531 18                  	CLC
  2107 0000E532 AD DA 01            	LDA		Rref_HB
  2108 0000E535 6D D9 01            	ADC		Rref_LB
  2109 0000E538 6A                  	ROR		A
  2110 0000E539 85 DB               	STA		R_Calculate_Temp0
  2111 0000E53B AA                  	TAX
  2112                              	
  2113 0000E53C 38                  	SEC
  2114 0000E53D BD 9A F1            	LDA		TableL0,X
  2115 0000E540 E5 D1               	SBC		R_Calculate_Result0
  2116 0000E542 BD 53 F1            	LDA		TableM0,X
  2117 0000E545 E5 D2               	SBC		R_Calculate_Result1
  2118 0000E547 BD 0C F1            	LDA		TableH0,X
  2119 0000E54A E5 D3               	SBC		R_Calculate_Result2
  2120 0000E54C 90 08               	BCC		L_255Downlim
  2121 0000E54E A5 DB               	LDA		R_Calculate_Temp0
  2122 0000E550 8D DA 01            	STA		Rref_HB
  2123 0000E553 4C 5B E5            	JMP		L_255End
  2124 0000E556                     L_255Downlim:	
  2125 0000E556 A5 DB               	LDA		R_Calculate_Temp0
  2126 0000E558 8D D9 01            	STA		Rref_LB
  2127 0000E55B                     L_255End:
  2128 0000E55B 38                   	SEC	
  2129 0000E55C AD D9 01            	LDA		Rref_LB
  2130 0000E55F ED DA 01            	SBC		Rref_HB
  2131 0000E562 C9 01               	CMP		#01H
  2132 0000E564 D0 CB               	BNE		L_255S
  2133                              ;============================	
  2134                              ;TableH=25,TableL=5,Xohm=9, 
  2135                              ;(Xohm-TableL)=4, (TableH-TableL)=20, 20/10=2, 4/2=2.
  2136                              ;============================
  2137 0000E566 A9 AA               	LDA		#D_WDT_Clear
  2138 0000E568 85 20               	STA		P_WDT_Flag_Clear
  2139                              
  2140 0000E56A AE D9 01            	LDX		Rref_LB            ;(Xohm-TableL)=4
  2141 0000E56D BD 9A F1            	LDA		TableL0,X
  2142 0000E570 85 D4               	STA		R_Calculate_Result3
  2143 0000E572 BD 53 F1            	LDA		TableM0,X
  2144 0000E575 85 D5               	STA		R_Calculate_Result4
  2145 0000E577 BD 0C F1            	LDA		TableH0,X
  2146 0000E57A 85 D6               	STA		R_Calculate_Result5
  2147                              	
  2148 0000E57C 38                  	SEC                          
  2149 0000E57D A5 D1               	LDA		R_Calculate_Result0
  2150 0000E57F E5 D4               	SBC		R_Calculate_Result3
  2151 0000E581 85 C7               	STA		R_Calculate_Data0
  2152 0000E583 A5 D2               	LDA		R_Calculate_Result1
  2153 0000E585 E5 D5               	SBC		R_Calculate_Result4
  2154 0000E587 85 C8               	STA		R_Calculate_Data1
  2155 0000E589 A5 D3               	LDA		R_Calculate_Result2
  2156 0000E58B E5 D6               	SBC		R_Calculate_Result5
  2157 0000E58D 85 C9               	STA		R_Calculate_Data2	
  2158                              	
  2159 0000E58F AE DA 01            	LDX		Rref_HB             ;(TableH-TableL)=20
  2160 0000E592 38                  	SEC
  2161 0000E593 BD 9A F1            	LDA		TableL0,X
  2162 0000E596 E5 D4               	SBC		R_Calculate_Result3
  2163 0000E598 8D CE 01            	STA		Temp_LB
  2164 0000E59B BD 53 F1            	LDA		TableM0,X
  2165 0000E59E E5 D5               	SBC		R_Calculate_Result4
  2166 0000E5A0 8D CF 01            	STA		Temp_MB
  2167 0000E5A3 BD 0C F1            	LDA		TableH0,X
  2168 0000E5A6 E5 D6               	SBC		R_Calculate_Result5
  2169 0000E5A8 8D D0 01            	STA		Temp_HB
  2170 0000E5AB 60                  	RTS
  2171                              	
  2172                              ;;============================	
  2173                              ;;Find Temp by Table
  2174                              ;;============================	
  2175                              ;-----------------------------------------
  2176                              ;-50<-->-1 calc process
  2177 0000E5AC                     F_50_1:
  2178 0000E5AC A9 AA               	LDA		#D_WDT_Clear
  2179 0000E5AE 85 20               	STA		P_WDT_Flag_Clear
  2180                              
  2181 0000E5B0                     L_50S:	
  2182 0000E5B0 18                  	CLC
  2183 0000E5B1 AD DA 01            	LDA		Rref_HB
  2184 0000E5B4 6D D9 01            	ADC		Rref_LB
  2185 0000E5B7 6A                  	ROR		A
  2186 0000E5B8 85 DB               	STA		R_Calculate_Temp0
  2187 0000E5BA AA                  	TAX
  2188                              	
  2189 0000E5BB 38                  	SEC
  2190 0000E5BC BD 31 F2            	LDA		TableLN50,X
  2191 0000E5BF E5 D1               	SBC		R_Calculate_Result0
  2192 0000E5C1 BD 09 F2            	LDA		TableMN50,X
  2193 0000E5C4 E5 D2               	SBC		R_Calculate_Result1
  2194 0000E5C6 BD E1 F1            	LDA		TableHN50,X
  2195 0000E5C9 E5 D3               	SBC		R_Calculate_Result2
  2196 0000E5CB 90 08               	BCC		L_50Downlim
  2197 0000E5CD A5 DB               	LDA		R_Calculate_Temp0
  2198 0000E5CF 8D DA 01            	STA		Rref_HB
  2199 0000E5D2 4C DA E5            	JMP		L_50End
  2200 0000E5D5                     L_50Downlim:	
  2201 0000E5D5 A5 DB               	LDA		R_Calculate_Temp0
  2202 0000E5D7 8D D9 01            	STA		Rref_LB
  2203 0000E5DA                     L_50End:
  2204 0000E5DA 38                   	SEC	
  2205 0000E5DB AD D9 01            	LDA		Rref_LB
  2206 0000E5DE ED DA 01            	SBC		Rref_HB
  2207 0000E5E1 C9 01               	CMP		#01H
  2208 0000E5E3 D0 CB               	BNE		L_50S
  2209                              ;============================
  2210                              ;TableH=25,TableL=5,Xohm=9, 
  2211                              ;(Xohm-TableL)=4, (TableH-TableL)=20, 20/10=2, 4/2=2.
  2212                              ;============================
  2213 0000E5E5 A9 AA               	LDA		#D_WDT_Clear
  2214 0000E5E7 85 20               	STA		P_WDT_Flag_Clear
  2215                              
  2216 0000E5E9 AE D9 01            	LDX		Rref_LB            ;(Xohm-TableL)=4
  2217 0000E5EC BD 31 F2            	LDA		TableLN50,X
  2218 0000E5EF 85 D4               	STA		R_Calculate_Result3
  2219 0000E5F1 BD 09 F2            	LDA		TableMN50,X
  2220 0000E5F4 85 D5               	STA		R_Calculate_Result4
  2221 0000E5F6 BD E1 F1            	LDA		TableHN50,X
  2222 0000E5F9 85 D6               	STA		R_Calculate_Result5	
  2223                              	
  2224 0000E5FB 38                  	SEC                          
  2225 0000E5FC A5 D1               	LDA		R_Calculate_Result0
  2226 0000E5FE E5 D4               	SBC		R_Calculate_Result3
  2227 0000E600 85 C7               	STA		R_Calculate_Data0
  2228 0000E602 A5 D2               	LDA		R_Calculate_Result1
  2229 0000E604 E5 D5               	SBC		R_Calculate_Result4
  2230 0000E606 85 C8               	STA		R_Calculate_Data1
  2231 0000E608 A5 D3               	LDA		R_Calculate_Result2
  2232 0000E60A E5 D6               	SBC		R_Calculate_Result5
  2233 0000E60C 85 C9               	STA		R_Calculate_Data2	
  2234                              	
  2235 0000E60E AE DA 01            	LDX		Rref_HB             ;(TableH-TableL)=20
  2236 0000E611 38                  	SEC
  2237 0000E612 BD 31 F2            	LDA		TableLN50,X
  2238 0000E615 E5 D4               	SBC		R_Calculate_Result3
  2239 0000E617 8D CE 01            	STA		Temp_LB
  2240 0000E61A BD 09 F2            	LDA		TableMN50,X
  2241 0000E61D E5 D5               	SBC		R_Calculate_Result4
  2242 0000E61F 8D CF 01            	STA		Temp_MB
  2243 0000E622 BD E1 F1            	LDA		TableHN50,X
  2244 0000E625 E5 D6               	SBC		R_Calculate_Result5
  2245 0000E627 8D D0 01            	STA		Temp_HB
  2246 0000E62A 60                  	RTS
  2247                              	
  2248                              ;============================	
  2249                              ;TableH=25,TableL=5,Xohm=9, 
  2250                              ;(Xohm-TableL)=4, (TableH-TableL)=20, 4*10, 40/20=2.
  2251                              ;============================	
  2252 0000E62B                     F_A_0:
  2253 0000E62B A9 00               	LDA		#00H                ;4*10=40
  2254 0000E62D 85 CA               	STA		R_Calculate_Data3
  2255 0000E62F 85 CC               	STA		R_Calculate_Data5
  2256 0000E631 85 CD               	STA		R_Calculate_Data6
  2257 0000E633 85 CE               	STA		R_Calculate_Data7
  2258 0000E635 85 CF               	STA		R_Calculate_Data8
  2259 0000E637 85 D0               	STA		R_Calculate_Data9
  2260 0000E639 A9 0A               	LDA		#0AH
  2261 0000E63B 85 CB               	STA		R_Calculate_Data4
  2262 0000E63D 20 E5 E6            	JSR		F_CalMul_UnSign24
  2263                              	
  2264 0000E640 A5 D1               	LDA		R_Calculate_Result0 ;40/20=2.
  2265 0000E642 85 C7               	STA		R_Calculate_Data0
  2266 0000E644 A5 D2               	LDA		R_Calculate_Result1
  2267 0000E646 85 C8               	STA		R_Calculate_Data1
  2268 0000E648 A5 D3               	LDA		R_Calculate_Result2
  2269 0000E64A 85 C9               	STA		R_Calculate_Data2
  2270 0000E64C A5 D4               	LDA		R_Calculate_Result3
  2271 0000E64E 85 CA               	STA		R_Calculate_Data3
  2272 0000E650 A5 D5               	LDA		R_Calculate_Result4
  2273 0000E652 85 CB               	STA		R_Calculate_Data4
  2274                              	
  2275 0000E654 AD CE 01            	LDA		Temp_LB
  2276 0000E657 85 CC               	STA		R_Calculate_Data5
  2277 0000E659 AD CF 01            	LDA		Temp_MB
  2278 0000E65C 85 CD               	STA		R_Calculate_Data6
  2279 0000E65E AD D0 01            	LDA		Temp_HB
  2280 0000E661 85 CE               	STA		R_Calculate_Data7
  2281 0000E663 A9 00               	LDA		#00H
  2282 0000E665 85 CF               	STA		R_Calculate_Data8
  2283 0000E667 85 D0               	STA		R_Calculate_Data9
  2284 0000E669 20 2D E7            	JSR		F_CalDiv_UnSign32
  2285 0000E66C 60                  	RTS
  2286                              ;-----------------------------------------
  2287                              ;-1<-->0 calc process
  2288 0000E66D                     F_A_0_1:
  2289 0000E66D A9 AA               	LDA		#D_WDT_Clear
  2290 0000E66F 85 20               	STA		P_WDT_Flag_Clear
  2291                              
  2292                              
  2293 0000E671 38                  	SEC                         ;Xohm-LTable(0)0x045AE0
  2294 0000E672 A5 D1               	LDA		R_Calculate_Result0 ;Xohm
  2295 0000E674 E9 E0               	SBC		#E0H				;0 LTable follow Table
  2296 0000E676 85 C7               	STA		R_Calculate_Data0
  2297 0000E678 A5 D2               	LDA		R_Calculate_Result1 ;Xohm
  2298 0000E67A E9 5A               	SBC		#5AH				;0 LTable follow Table
  2299 0000E67C 85 C8               	STA		R_Calculate_Data1
  2300 0000E67E A5 D3               	LDA		R_Calculate_Result2 ;Xohm
  2301 0000E680 E9 04               	SBC		#04H				;0 LTable follow Table
  2302 0000E682 85 C9               	STA		R_Calculate_Data2	
  2303                              	
  2304                              
  2305 0000E684 A9 CF               	LDA		#CFH                ;(-1)0x048CAF - (0)0x045AE0 = 0x0031CF follow Table
  2306 0000E686 8D CE 01            	STA		Temp_LB				;(HTable(-1)-LTable(0))
  2307 0000E689 A9 31               	LDA		#31H				; follow Table
  2308 0000E68B 8D CF 01            	STA		Temp_MB				;(HTable(-1)-LTable(0))
  2309 0000E68E A9 00               	LDA		#00H				; follow Table
  2310 0000E690 8D D0 01            	STA		Temp_HB				;(HTable(-1)-LTable(0))
  2311 0000E693 20 2B E6            	JSR		F_A_0
  2312 0000E696 60                  	RTS
  2313                              ;;256<-->xxx calc process	
  2314                              ;F_A_255_256:
  2315                              ;	LDA		#D_WDT_Clear
  2316                              ;	STA		P_WDT_Flag_Clear
  2317                              ;
  2318                              ;
  2319                              ;	SEC                         ;Xohm-LTable(256)0x000883
  2320                              ;	LDA		R_Calculate_Result0 ;Xohm
  2321                              ;	SBC		#83H				;256 LTable follow Table
  2322                              ;	STA		R_Calculate_Data0
  2323                              ;	LDA		R_Calculate_Result1 ;Xohm
  2324                              ;	SBC		#08H				;256 LTable follow Table
  2325                              ;	STA		R_Calculate_Data1
  2326                              ;	LDA		R_Calculate_Result2 ;Xohm
  2327                              ;	SBC		#00H				;256 LTable follow Table
  2328                              ;	STA		R_Calculate_Data2	
  2329                              ;	
  2330                              ;	LDA		#04H                ;(255)0x000887 - (0)0x000883 = 0x000004 follow Table
  2331                              ;	STA		Temp_LB				;(HTable(-1)-LTable(0))
  2332                              ;	LDA		#00H				; follow Table
  2333                              ;	STA		Temp_MB				;(HTable(-1)-LTable(0))
  2334                              ;	LDA		#00H				; follow Table
  2335                              ;	STA		Temp_HB				;(HTable(-1)-LTable(0))
  2336                              ;	JSR		F_A_0
  2337                              ;	RTS
  2338                              
  2339                              	
  2340                              	
  2341                              ;===========================
  2342                              ;Cul ohm
  2343                              ;===========================
  2344 0000E697                     F_CulXohm:
  2345 0000E697 A9 88                	LDA		#.low.(C_VALUE_RR/2)
  2346 0000E699 85 C7               	STA		R_Calculate_Data0
  2347 0000E69B A9 13               	LDA		#.high.(C_VALUE_RR/2)
  2348 0000E69D 85 C8               	STA		R_Calculate_Data1
  2349 0000E69F A9 00               	LDA		#00H
  2350 0000E6A1 85 C9               	STA		R_Calculate_Data2
  2351 0000E6A3 A5 DB               	LDA		R_Calculate_Temp0  ;;Temp_LB
  2352 0000E6A5 85 CB               	STA		R_Calculate_Data4
  2353 0000E6A7 A5 DC               	LDA		R_Calculate_Temp1  ;;Temp_MB
  2354 0000E6A9 85 CC               	STA		R_Calculate_Data5
  2355 0000E6AB A5 DD               	LDA		R_Calculate_Temp2  ;;Temp_HB
  2356 0000E6AD 85 CD               	STA		R_Calculate_Data6
  2357 0000E6AF 20 E5 E6            	JSR		F_CalMul_UnSign24
  2358 0000E6B2 A5 D1               	LDA		R_Calculate_Result0
  2359 0000E6B4 85 C7               	STA		R_Calculate_Data0
  2360 0000E6B6 A5 D2               	LDA		R_Calculate_Result1
  2361 0000E6B8 85 C8               	STA		R_Calculate_Data1
  2362 0000E6BA A5 D3               	LDA		R_Calculate_Result2
  2363 0000E6BC 85 C9               	STA		R_Calculate_Data2
  2364 0000E6BE A5 D4               	LDA		R_Calculate_Result3
  2365 0000E6C0 85 CA               	STA		R_Calculate_Data3
  2366 0000E6C2 A5 D5               	LDA		R_Calculate_Result4
  2367 0000E6C4 85 CB               	STA		R_Calculate_Data4
  2368                              	
  2369 0000E6C6 AD CE 01            	LDA		Temp_LB	;Rref_LB
  2370 0000E6C9 85 CC               	STA		R_Calculate_Data5
  2371 0000E6CB AD CF 01            	LDA		Temp_MB	;Rref_HB
  2372 0000E6CE 85 CD               	STA		R_Calculate_Data6
  2373 0000E6D0 A9 00               	LDA		#00h	;Rref_H8B					;YANXIAODU
  2374 0000E6D2 85 CE               	STA		R_Calculate_Data7			;YANXIAODU	
  2375 0000E6D4 A9 00               	LDA		#00H
  2376                              ;	STA		R_Calculate_Data7				;YANXIAODU
  2377 0000E6D6 85 CF               	STA		R_Calculate_Data8
  2378 0000E6D8 85 D0               	STA		R_Calculate_Data9
  2379 0000E6DA 20 2D E7            	JSR		F_CalDiv_UnSign32
  2380                              ;============================	
  2381                              ;*2
  2382                              ;============================	
  2383 0000E6DD 18                  	CLC
  2384 0000E6DE 26 D1               	ROL		R_Calculate_Result0
  2385 0000E6E0 26 D2               	ROL		R_Calculate_Result1
  2386 0000E6E2 26 D3               	ROL		R_Calculate_Result2	
  2387 0000E6E4 60                   	RTS
  2388                              ; =======================================================================================
  2389                              ; Function name : F_CalMul_UnSign24
  2390                              ; Purpose       : Multiplication, Unsigned 16bit multiply Unsigned 16bit
  2391                              ; Parameter     : Multiplicand	:	R_Calculate_Data0 , R_Calculate_Data1 , R_Calculate_Data2
  2392                              ;					Multiplier	:	R_Calculate_Data4 , R_Calculate_Data5 , R_Calculate_Data6
  2393                              ; Return        : product	:	R_Calculate_Result0 , LowByte
  2394                              ;								R_Calculate_Result1 , 
  2395                              ;								R_Calculate_Result2 , 
  2396                              ;								R_Calculate_Result3 , 
  2397                              ;								R_Calculate_Result4 , 
  2398                              ;								R_Calculate_Result5 , HighByte
  2399                              ; Destroy       : A,Y
  2400                              ; ====================================================================================== 		
  2401 0000E6E5                     F_CalMul_UnSign24:
  2402 0000E6E5 A9 00               	LDA		#0x00
  2403 0000E6E7 85 D6               	STA		R_Calculate_Result5
  2404 0000E6E9 85 D5               	STA		R_Calculate_Result4
  2405 0000E6EB 85 D4               	STA		R_Calculate_Result3
  2406 0000E6ED A2 18               	LDX		#0x18
  2407 0000E6EF 18                  	CLC
  2408 0000E6F0                     L_loop1?:	
  2409 0000E6F0 66 D6               	ROR		R_Calculate_Result5
  2410 0000E6F2 66 D5               	ROR		R_Calculate_Result4
  2411 0000E6F4 66 D4               	ROR		R_Calculate_Result3
  2412 0000E6F6 66 CD               	ROR		R_Calculate_Data6
  2413 0000E6F8 66 CC               	ROR		R_Calculate_Data5
  2414 0000E6FA 66 CB               	ROR		R_Calculate_Data4
  2415 0000E6FC 90 13               	BCC		L_NoCarry?	
  2416 0000E6FE 18                  	CLC
  2417 0000E6FF A5 C7               	LDA		R_Calculate_Data0
  2418 0000E701 65 D4               	ADC		R_Calculate_Result3
  2419 0000E703 85 D4               	STA		R_Calculate_Result3
  2420 0000E705 A5 C8               	LDA		R_Calculate_Data1
  2421 0000E707 65 D5               	ADC		R_Calculate_Result4
  2422 0000E709 85 D5               	STA		R_Calculate_Result4
  2423 0000E70B A5 C9               	LDA		R_Calculate_Data2
  2424 0000E70D 65 D6               	ADC		R_Calculate_Result5
  2425 0000E70F 85 D6               	STA		R_Calculate_Result5
  2426                              	
  2427 0000E711                     L_NoCarry?:	
  2428 0000E711 CA                  	DEX
  2429 0000E712 D0 DC               	BNE		L_loop1?	
  2430 0000E714 66 D6               	ROR		R_Calculate_Result5
  2431 0000E716 66 D5               	ROR		R_Calculate_Result4
  2432 0000E718 66 D4               	ROR		R_Calculate_Result3
  2433 0000E71A 66 CD               	ROR		R_Calculate_Data6
  2434 0000E71C 66 CC               	ROR		R_Calculate_Data5
  2435 0000E71E 66 CB               	ROR		R_Calculate_Data4	
  2436                              
  2437 0000E720 A5 CB               	LDA		R_Calculate_Data4
  2438 0000E722 85 D1               	STA		R_Calculate_Result0
  2439 0000E724 A5 CC               	LDA		R_Calculate_Data5
  2440 0000E726 85 D2               	STA		R_Calculate_Result1	
  2441 0000E728 A5 CD               	LDA		R_Calculate_Data6
  2442 0000E72A 85 D3               	STA		R_Calculate_Result2	
  2443 0000E72C 60                  	RTS	
  2444                              	
  2445                              ; =======================================================================================
  2446                              ; Function name : F_CalDiv_UnSign32
  2447                              ; Purpose       : Division, Unsigned 32bit divide Unsigned 32bit
  2448                              ; Parameter     : Dividend	:	R_Calculate_Data0 , R_Calculate_Data1 , R_Calculate_Data2 , R_Calculate_Data3 , R_Calculate_Data4
  2449                              ;				  Divesor	:	R_Calculate_Data5 , R_Calculate_Data6 , R_Calculate_Data7 , R_Calculate_Data8 , R_Calculate_Data9
  2450                              ; Return        : Quotient	:	R_Calculate_Result0 , R_Calculate_Result1 , R_Calculate_Result2 , R_Calculate_Result3 ,R_Calculate_Result4
  2451                              ;                 Remainder	:	R_Calculate_Result5 , R_Calculate_Result6 , R_Calculate_Result7 , R_Calculate_Result8 ,R_Calculate_Result9
  2452                              ; Destroy       : A,Y
  2453                              ; ====================================================================================== 			
  2454 0000E72D                     F_CalDiv_UnSign32:	
  2455 0000E72D A9 00               	LDA	#0x00
  2456 0000E72F 85 D6               	STA	R_Calculate_Result5
  2457 0000E731 85 D7               	STA	R_Calculate_Result6
  2458 0000E733 85 D8               	STA	R_Calculate_Result7
  2459 0000E735 85 D9               	STA	R_Calculate_Result8
  2460 0000E737 85 DA               	STA	R_Calculate_Result9
  2461 0000E739 A2 28               	LDX	#0x28
  2462                              ;L_ChkDivesorHighByte_EquZero?	
  2463                              	
  2464 0000E73B A5 CC               	LDA	R_Calculate_Data5
  2465 0000E73D 05 CD               	ORA	R_Calculate_Data6
  2466 0000E73F 05 CE               	ORA	R_Calculate_Data7
  2467 0000E741 05 CF               	ORA	R_Calculate_Data8
  2468 0000E743 05 D0               	ORA	R_Calculate_Data9
  2469 0000E745 D0 12               	BNE	L_Divesor_NotZero?
  2470 0000E747 4C D6 E7            	JMP	L_Divesor_EquZero
  2471                              	
  2472 0000E74A A5 C7               	LDA	R_Calculate_Data0
  2473 0000E74C 05 C8               	ORA	R_Calculate_Data1
  2474 0000E74E 05 C9               	ORA	R_Calculate_Data2
  2475 0000E750 05 CA               	ORA	R_Calculate_Data3
  2476 0000E752 05 CB               	ORA	R_Calculate_Data4
  2477 0000E754 D0 03               	BNE	L_Divesor_NotZero?
  2478 0000E756 4C D6 E7            	JMP	L_Divesor_EquZero
  2479                              	
  2480 0000E759                     L_Divesor_NotZero?:
  2481                              	;==========================================
  2482 0000E759                     L_StartUnSign_32Div32?:
  2483 0000E759 18                  	CLC	
  2484 0000E75A 26 C7               	ROL R_Calculate_Data0
  2485 0000E75C 26 C8               	ROL R_Calculate_Data1
  2486 0000E75E 26 C9               	ROL R_Calculate_Data2
  2487 0000E760 26 CA               	ROL R_Calculate_Data3
  2488 0000E762 26 CB               	ROL R_Calculate_Data4
  2489 0000E764 26 D6               	ROL R_Calculate_Result5
  2490 0000E766 26 D7               	ROL R_Calculate_Result6
  2491 0000E768 26 D8               	ROL R_Calculate_Result7
  2492 0000E76A 26 D9               	ROL R_Calculate_Result8
  2493 0000E76C 26 DA               	ROL R_Calculate_Result9
  2494                              	
  2495 0000E76E 38                  	SEC
  2496 0000E76F A5 D6               	LDA	R_Calculate_Result5
  2497 0000E771 E5 CC               	SBC	R_Calculate_Data5
  2498 0000E773 85 DB               	STA	R_Calculate_Temp0
  2499                              	
  2500                              	
  2501 0000E775 A5 D7               	LDA	R_Calculate_Result6
  2502 0000E777 E5 CD               	SBC R_Calculate_Data6
  2503 0000E779 85 DC               	STA	R_Calculate_Temp1
  2504                              	
  2505 0000E77B A5 D8               	LDA	R_Calculate_Result7
  2506 0000E77D E5 CE               	SBC	R_Calculate_Data7
  2507 0000E77F 85 DD               	STA	R_Calculate_Temp2
  2508                              	
  2509 0000E781 A5 D9               	LDA	R_Calculate_Result8
  2510 0000E783 E5 CF               	SBC	R_Calculate_Data8
  2511 0000E785 85 DE               	STA	R_Calculate_Temp3
  2512                              	
  2513 0000E787 A5 DA               	LDA	R_Calculate_Result9
  2514 0000E789 E5 D0               	SBC	R_Calculate_Data9
  2515 0000E78B 90 31               	BCC L_next32?
  2516                              	
  2517 0000E78D 85 DA               	STA	R_Calculate_Result9
  2518 0000E78F A5 DB               	LDA	R_Calculate_Temp0
  2519 0000E791 85 D6               	STA	R_Calculate_Result5
  2520 0000E793 A5 DC               	LDA	R_Calculate_Temp1
  2521 0000E795 85 D7               	STA	R_Calculate_Result6
  2522 0000E797 A5 DD               	LDA	R_Calculate_Temp2
  2523 0000E799 85 D8               	STA	R_Calculate_Result7
  2524 0000E79B A5 DE               	LDA	R_Calculate_Temp3	
  2525 0000E79D 85 D9               	STA	R_Calculate_Result8
  2526                              	
  2527 0000E79F 18                  	CLC
  2528 0000E7A0 A9 01               	LDA	#0x01
  2529 0000E7A2 65 C7               	ADC	R_Calculate_Data0
  2530 0000E7A4 85 C7               	STA	R_Calculate_Data0
  2531 0000E7A6 A9 00               	LDA	#0x00
  2532 0000E7A8 65 C8               	ADC	R_Calculate_Data1
  2533 0000E7AA 85 C8               	STA	R_Calculate_Data1
  2534 0000E7AC A9 00               	LDA	#0x00
  2535 0000E7AE 65 C9               	ADC	R_Calculate_Data2
  2536 0000E7B0 85 C9               	STA	R_Calculate_Data2
  2537 0000E7B2 A9 00               	LDA	#0x00
  2538 0000E7B4 65 CA               	ADC	R_Calculate_Data3
  2539 0000E7B6 85 CA               	STA	R_Calculate_Data3
  2540 0000E7B8 A9 00               	LDA	#0x00
  2541 0000E7BA 65 CB               	ADC	R_Calculate_Data4
  2542 0000E7BC 85 CB               	STA	R_Calculate_Data4
  2543 0000E7BE                     L_next32?:	
  2544 0000E7BE CA                  	DEX
  2545 0000E7BF D0 98               	BNE	L_StartUnSign_32Div32?
  2546 0000E7C1                     L_Dividend_EquZero?:
  2547 0000E7C1 A5 C7               	LDA	R_Calculate_Data0
  2548 0000E7C3 85 D1               	STA	R_Calculate_Result0
  2549 0000E7C5 A5 C8               	LDA	R_Calculate_Data1
  2550 0000E7C7 85 D2               	STA	R_Calculate_Result1	
  2551 0000E7C9 A5 C9               	LDA	R_Calculate_Data2
  2552 0000E7CB 85 D3               	STA	R_Calculate_Result2	
  2553 0000E7CD A5 CA               	LDA	R_Calculate_Data3
  2554 0000E7CF 85 D4               	STA	R_Calculate_Result3
  2555 0000E7D1 A5 CB               	LDA	R_Calculate_Data4
  2556 0000E7D3 85 D5               	STA	R_Calculate_Result4		
  2557 0000E7D5 60                  	RTS
  2558 0000E7D6                     L_Divesor_EquZero:	
  2559                              
  2560 0000E7D6 A9 00               	LDA	#0x00
  2561 0000E7D8 85 D1               	STA	R_Calculate_Result0
  2562 0000E7DA 85 D2               	STA	R_Calculate_Result1
  2563 0000E7DC 85 D3               	STA	R_Calculate_Result2
  2564 0000E7DE 85 D4               	STA	R_Calculate_Result3
  2565 0000E7E0 85 D5               	STA	R_Calculate_Result4
  2566 0000E7E2 60                  	RTS		
  2567                              
  2568                              ; =======================================================================================
  2569                              ; Function name : F_CalDiv_UnSign16
  2570                              ; Purpose       : Division, Unsigned 8bit divide Unsigned 8bit
  2571                              ; Parameter     : Dividend	:	R_Calculate_Data0 , R_Calculate_Data1
  2572                              ;				  Divesor	:	R_Calculate_Data4 , R_Calculate_Data5
  2573                              ; Return        : Quotient	:	R_Calculate_Result0(bit0~7) , R_Calculate_Result1(bit8~15)
  2574                              ;                 Remainder	:	R_Calculate_Result2(bit0~7) , R_Calculate_Result3(bit8~15)
  2575                              ; Destroy       : A,Y
  2576                              ; ====================================================================================== 	
  2577 0000E7E3                     F_CalDiv_UnSign16:	
  2578 0000E7E3 A9 00               	LDA	#0x00
  2579 0000E7E5 85 D1               	STA	R_Calculate_Result0
  2580 0000E7E7 85 D2               	STA	R_Calculate_Result1
  2581 0000E7E9 85 D3               	STA	R_Calculate_Result2
  2582 0000E7EB 85 D4               	STA	R_Calculate_Result3
  2583 0000E7ED A2 10               	LDX	#0x10
  2584                              ;L_ChkDivesorHighByte_EquZero?	
  2585 0000E7EF A5 CC               	LDA	R_Calculate_Data5
  2586 0000E7F1 D0 05               	BNE	L_ChkDividend_EquZero?
  2587                              
  2588 0000E7F3 A5 CB               	LDA	R_Calculate_Data4
  2589 0000E7F5 D0 01               	BNE L_ChkDividend_EquZero?
  2590 0000E7F7 60                  	RTS	;Divesor=0 ==> Quotient=0 & Remainder=0
  2591                              	
  2592 0000E7F8                     L_ChkDividend_EquZero?	
  2593                              	
  2594 0000E7F8 A5 C8               	LDA	R_Calculate_Data1
  2595 0000E7FA D0 05               	BNE	L_StartUnSign_16Div16?
  2596                              	
  2597 0000E7FC A5 C7               	LDA	R_Calculate_Data0
  2598 0000E7FE D0 01               	BNE	L_StartUnSign_16Div16?
  2599 0000E800 60                  	RTS	;Dividend=0 ==> Quotient=0 & Remainder=0
  2600                              		
  2601                              	;==========================================
  2602 0000E801                     L_StartUnSign_16Div16?:
  2603 0000E801 18                  	CLC	
  2604 0000E802 26 C7               	ROL R_Calculate_Data0
  2605 0000E804 26 C8               	ROL R_Calculate_Data1
  2606 0000E806 26 D3               	ROL R_Calculate_Result2
  2607 0000E808 26 D4               	ROL R_Calculate_Result3
  2608 0000E80A 38                  	SEC
  2609 0000E80B A5 D3               	LDA	R_Calculate_Result2
  2610 0000E80D E5 CB               	SBC	R_Calculate_Data4
  2611 0000E80F 85 DB               	STA	R_Calculate_Temp0
  2612 0000E811 A5 D4               	LDA	R_Calculate_Result3
  2613                              	
  2614 0000E813 E5 CC               	SBC R_Calculate_Data5
  2615 0000E815 90 13               	BCC L_NextBit?
  2616 0000E817 85 D4               	STA	R_Calculate_Result3
  2617 0000E819 A5 DB               	LDA	R_Calculate_Temp0
  2618 0000E81B 85 D3               	STA R_Calculate_Result2
  2619 0000E81D 18                  	CLC
  2620 0000E81E A9 01               	LDA	#0x01
  2621 0000E820 65 C7               	ADC	R_Calculate_Data0
  2622 0000E822 85 C7               	STA	R_Calculate_Data0
  2623 0000E824 A9 00               	LDA	#0x00
  2624 0000E826 65 C8               	ADC	R_Calculate_Data1
  2625 0000E828 85 C8               	STA	R_Calculate_Data1
  2626 0000E82A                     L_NextBit?:	
  2627 0000E82A CA                  	DEX
  2628 0000E82B D0 D4               	BNE	L_StartUnSign_16Div16?
  2629                              	
  2630 0000E82D A5 C7               	LDA	R_Calculate_Data0
  2631 0000E82F 85 D1               	STA	R_Calculate_Result0
  2632 0000E831 A5 C8               	LDA	R_Calculate_Data1
  2633 0000E833 85 D2               	STA	R_Calculate_Result1		
  2634 0000E835 60                  	RTS
  2635                              
  2636                              
  2637                              		
  2638                              ;========================================================================================
  2639                              ;;;cf单位数据转换：Fnum=Cnum*18/10+32
  2640                              ;;INPUT:
  2641                              ;;百十位放R_temp1(十进制)进来，个位放R_temp2进来，小数位放R_temp3进来,正负放 R_temp0,0为正。 
  2642                              ;;
  2643                              ;;OUTPUT:
  2644                              ;;百十位放R_temp4进来，个位放R_temp5进来，小数位放R_temp6进来,正负放 R_temp7,0为正。 
  2645                              		
  2646                              		
  2647 0000E836                     F_Temp_C2F_Modul:
  2648                              		; LDA		#11H			;百十
  2649                              		; STA		R_temp1
  2650                              		; LDA		#04H			;个
  2651                              		; STA		R_temp2
  2652                              		; LDA		#06H			;十分位
  2653                              		; STA		R_temp3
  2654                              		; LDA		#00H			;符号，0正，1负
  2655                              		; STA		R_temp0
  2656 0000E836 AD C7 01            		LDA		RW_LastTem+1
  2657 0000E839 20 38 EF            		JSR		F_ByteHLValue
  2658 0000E83C 8D DE 01            		STA		R_Ftemp1			;十
  2659 0000E83F AD A2 00            		LDA		R_TempBuf
  2660 0000E842 8D DF 01            		STA		R_Ftemp2			;个
  2661 0000E845 AD C6 01            		LDA		RW_LastTem+0
  2662 0000E848 29 0F               		AND		#0FH
  2663 0000E84A 8D E0 01            		STA		R_Ftemp3			;十分位
  2664 0000E84D AD DC 01            		LDA		R_Temp_N_bytes
  2665 0000E850 8D DD 01            	    STA		R_Ftemp0			;符号
  2666                              
  2667                              		; CLC
  2668                              		; ROL		R_temp0
  2669                              		; ROL		R_temp0
  2670                              		; ROL		R_temp0
  2671                              		; ROL		R_temp0
  2672                              		; ROL		R_temp0
  2673                              		; ROL		R_temp0
  2674                              		; ROL		R_temp0
  2675                              		; LDA		R_temp0
  2676                              		; AND		#80h
  2677                              		; STA		R_temp0
  2678                              		
  2679                              		
  2680 0000E853 AD DE 01            		LDA		R_Ftemp1
  2681 0000E856 8D CC 01            		STA		RB_TempDataBCD+1
  2682 0000E859 29 7F               		AND		#7fh
  2683 0000E85B 0D DD 01            		ORA		R_Ftemp0
  2684 0000E85E 8D CC 01            		STA		RB_TempDataBCD+1
  2685                              		
  2686 0000E861 18                  		CLC
  2687 0000E862 2E DF 01            		ROL		R_Ftemp2
  2688 0000E865 2E DF 01            		ROL		R_Ftemp2
  2689 0000E868 2E DF 01            		ROL		R_Ftemp2
  2690 0000E86B 2E DF 01            		ROL		R_Ftemp2
  2691 0000E86E AD DF 01            		LDA		R_Ftemp2
  2692 0000E871 0D E0 01            		ORA		R_Ftemp3
  2693 0000E874 8D CB 01            		STA		RB_TempDataBCD
  2694                              		
  2695                              ;		LDA		RB_TempDataBCD+1		;Yxxx zzzz    Y符号，xxx百zzzz十
  2696                              ;		LDA		RB_TempDataBCD			;aaaa bbbb	aaaa个位，bbbb 十分位
  2697 0000E877                     ?L_Temp_updata:
  2698                              	
  2699                              		;°F
  2700                              ;		LDA		#2h			;temp  °C  X2 X5;°F X2 X3
  2701                              ;		JSR		F_DispFlag
  2702                              
  2703                              		
  2704                              ; 		LDA		RB_C_F_Status
  2705                              ; 		AND		#D_C_F_Flag
  2706                              ; 		BNE		?L_F_show
  2707                              ; ;====C=======================
  2708                              ; 		RTS
  2709                              		
  2710                              ; ?L_Show_temp:
  2711                              	
  2712                              ; 		LDA		RB_Temp_M_BUFF
  2713                              ; 		AND		#0fh
  2714                              ; 		BEQ		?L_KKLL
  2715                              ; 		LDA		RB_Temp_M_BUFF
  2716                              ; 		BNE		?L_NormalKMLL
  2717                              ; ?L_KKLL:
  2718                              ; 		LDA		#AAH
  2719                              ; ?L_NormalKMLL:
  2720                              ; 		LDX		#01d
  2721                              ; ;		JSR		F_Disp_Digital
  2722                              
  2723                              ; ?L_Normal:
  2724                              			
  2725                              ; 		LDA		RB_Temp_L_BUFF
  2726                              ; 		LDX		#03d
  2727                              ; ;		JSR		F_Disp_Digital
  2728                              ; 		RTS
  2729                              ;;;;;;;;;;;;;;;;;;;;;;;;;;;;;;;;;;;;;;;;;;;;;;;;;;;;;;;;;;;;;;;
  2730 0000E877                     ?L_F_show:
  2731                              
  2732                              
  2733 0000E877 A9 00               		LDA		#00h
  2734 0000E879 8D E8 01            		STA		RB_LCD_F_Temp_L
  2735 0000E87C 8D E6 01            		STA		RB_LCD_F_Temp_H
  2736 0000E87F 8D E7 01            		STA		RB_LCD_F_Temp_M
  2737                              		
  2738 0000E882 AD CC 01            		LDA		RB_TempDataBCD+1
  2739 0000E885 29 7F               		AND		#7FH
  2740 0000E887 8D E5 01            		STA		RB_LCD_F_Temp_F
  2741 0000E88A A2 12               		LDX		#18d
  2742 0000E88C F8                  		SED
  2743 0000E88D 18                  		CLC
  2744 0000E88E                     ?L_ADD_18times:			;*18
  2745 0000E88E AD E8 01            		LDA		RB_LCD_F_Temp_L
  2746 0000E891 6D CB 01            		ADC		RB_TempDataBCD
  2747 0000E894 8D E8 01            		STA		RB_LCD_F_Temp_L
  2748 0000E897 AD E7 01            		LDA		RB_LCD_F_Temp_M
  2749 0000E89A 6D E5 01            		ADC		RB_LCD_F_Temp_F
  2750 0000E89D 8D E7 01            		STA		RB_LCD_F_Temp_M
  2751 0000E8A0 AD E6 01            		LDA		RB_LCD_F_Temp_H
  2752 0000E8A3 69 00               		ADC		#00h
  2753 0000E8A5 8D E6 01            		STA		RB_LCD_F_Temp_H
  2754 0000E8A8 CA                  		DEX
  2755 0000E8A9 D0 E3               		BNE		?L_ADD_18times
  2756 0000E8AB AD CC 01            		LDA		RB_TempDataBCD+1
  2757 0000E8AE 29 80               		AND		#80h
  2758 0000E8B0 D0 1B               		BNE		?L_NEG_
  2759 0000E8B2 A9 00               		LDA		#00h
  2760 0000E8B4 8D E4 01            		STA		R_Ftemp7
  2761 0000E8B7 18                  		CLC
  2762 0000E8B8                     ?L_ADD_3200:
  2763 0000E8B8 AD E7 01            		LDA		RB_LCD_F_Temp_M
  2764 0000E8BB 69 32               		ADC		#32h
  2765 0000E8BD 8D E7 01            		STA		RB_LCD_F_Temp_M
  2766 0000E8C0 AD E6 01            		LDA		RB_LCD_F_Temp_H
  2767 0000E8C3 69 00               		ADC		#00h
  2768 0000E8C5 8D E6 01            		STA		RB_LCD_F_Temp_H
  2769 0000E8C8 D8                  		CLD
  2770 0000E8C9 F0 5D               		BEQ		?L_Data_change
  2771 0000E8CB D0 5B               		BNE		?L_Data_change
  2772 0000E8CD                     ?L_NEG_:	
  2773 0000E8CD 38                  		SEC
  2774 0000E8CE                     ?L_3200_SBC:
  2775 0000E8CE AD E6 01            		LDA		RB_LCD_F_Temp_H
  2776 0000E8D1 D0 37               		BNE		?L_NEG_F
  2777 0000E8D3 AD E7 01            		LDA		RB_LCD_F_Temp_M
  2778 0000E8D6 C9 32               		CMP		#32h
  2779 0000E8D8 F0 04               		BEQ		?L_Check_L
  2780 0000E8DA B0 09               		BCS		?L_M_dayu_32;;;;;M-32
  2781 0000E8DC 90 13               		BCC		?L_M_Xyu_32	;;;;;32-M
  2782                              	
  2783 0000E8DE                     ?L_Check_L:
  2784 0000E8DE AD E8 01            		LDA		RB_LCD_F_Temp_L
  2785 0000E8E1 F0 02               		BEQ		?L_M_dayu_32
  2786 0000E8E3 D0 00               		BNE		?L_M_dayu_32
  2787 0000E8E5                     ?L_M_dayu_32:
  2788                              ;		LDA		#0h				;col  -
  2789                              ;		JSR		F_DispFlag
  2790 0000E8E5 38                  		SEC
  2791 0000E8E6 AD E7 01            		LDA		RB_LCD_F_Temp_M
  2792 0000E8E9 E9 32               		SBC		#32h
  2793 0000E8EB 8D E7 01            		STA		RB_LCD_F_Temp_M
  2794 0000E8EE 4C 23 E9            		JMP		?L_F_neg
  2795 0000E8F1                     ?L_M_Xyu_32:
  2796 0000E8F1 38                  		SEC
  2797 0000E8F2 A9 00               		LDA		#00H
  2798 0000E8F4 ED E8 01            		SBC		RB_LCD_F_Temp_L
  2799 0000E8F7 8D E8 01            		STA		RB_LCD_F_Temp_L
  2800 0000E8FA A9 32               		LDA		#32h
  2801 0000E8FC ED E7 01            		SBC		RB_LCD_F_Temp_M
  2802 0000E8FF 8D E7 01            		STA		RB_LCD_F_Temp_M
  2803 0000E902 A9 00               		LDA		#00h
  2804 0000E904 8D E4 01            		STA		R_Ftemp7
  2805 0000E907 4C 28 E9            		JMP		?L_Data_change
  2806                              	
  2807                              	
  2808 0000E90A                     ?L_NEG_F:
  2809 0000E90A 38                  		SEC
  2810 0000E90B AD E8 01            		LDA		RB_LCD_F_Temp_L
  2811 0000E90E E9 00               		SBC		#00h
  2812 0000E910 8D E8 01            		STA		RB_LCD_F_Temp_L
  2813 0000E913 AD E7 01            		LDA		RB_LCD_F_Temp_M
  2814 0000E916 E9 32               		SBC		#32H
  2815 0000E918 8D E7 01            		STA		RB_LCD_F_Temp_M
  2816 0000E91B AD E6 01            		LDA		RB_LCD_F_Temp_H
  2817 0000E91E E9 00               		SBC		#00H
  2818 0000E920 8D E6 01            		STA		RB_LCD_F_Temp_H
  2819 0000E923                     ?L_F_neg:
  2820                              
  2821 0000E923 A9 01               		LDA		#01h
  2822 0000E925 8D E4 01            		STA		R_Ftemp7
  2823                              		
  2824                              		
  2825 0000E928                     ?L_Data_change:
  2826 0000E928 D8                  		CLD
  2827 0000E929 AD E8 01            		LDA		RB_LCD_F_Temp_L
  2828 0000E92C 29 F0               		AND		#F0H
  2829 0000E92E 6A                  		ROR		A
  2830 0000E92F 6A                  		ROR		A
  2831 0000E930 6A                  		ROR		A
  2832 0000E931 6A                  		ROR		A
  2833 0000E932 29 0F               		AND		#0fh
  2834 0000E934 8D EA 01            		STA		RB_Temp_L_BUFF
  2835 0000E937 8D E3 01            		STA		R_Ftemp6
  2836 0000E93A AD E7 01            		LDA		RB_LCD_F_Temp_M
  2837 0000E93D 29 0F               		AND		#0fH
  2838 0000E93F 8D E2 01            		STA		R_Ftemp5
  2839 0000E942 2A                  		ROL		A
  2840 0000E943 2A                  		ROL		A
  2841 0000E944 2A                  		ROL		A
  2842 0000E945 2A                  		ROL		A
  2843 0000E946 29 F0               		AND		#f0h
  2844 0000E948 0D EA 01            		ORA		RB_Temp_L_BUFF
  2845 0000E94B 8D EA 01            		STA		RB_Temp_L_BUFF
  2846 0000E94E AD E7 01            		LDA		RB_LCD_F_Temp_M
  2847 0000E951 29 F0               		AND		#F0H
  2848 0000E953 6A                  		ROR		A
  2849 0000E954 6A                  		ROR		A
  2850 0000E955 6A                  		ROR		A
  2851 0000E956 6A                  		ROR		A
  2852 0000E957 29 0F               		AND		#0fh
  2853 0000E959 8D E9 01            		STA		RB_Temp_M_BUFF
  2854 0000E95C AD E6 01            		LDA		RB_LCD_F_Temp_H
  2855 0000E95F D0 07               		BNE		?L_1
  2856                              
  2857                              ;		LDA		RB_Temp_M_BUFF
  2858                              ;		ORA		#a0H
  2859 0000E961 AD E9 01            		LDA		RB_Temp_M_BUFF
  2860 0000E964 8D E1 01            		STA		R_Ftemp4
  2861                              ;		JMP		?L_Show_temp
  2862 0000E967 60                  		RTS
  2863 0000E968                     ?L_1:
  2864 0000E968 18                  		CLC
  2865 0000E969 2E E6 01            		ROL		RB_LCD_F_Temp_H
  2866 0000E96C 2E E6 01            		ROL		RB_LCD_F_Temp_H
  2867 0000E96F 2E E6 01            		ROL		RB_LCD_F_Temp_H
  2868 0000E972 2E E6 01            		ROL		RB_LCD_F_Temp_H
  2869 0000E975 AD E6 01            		LDA		RB_LCD_F_Temp_H
  2870 0000E978 0D E9 01            		ORA		RB_Temp_M_BUFF
  2871 0000E97B 8D E9 01            		STA		RB_Temp_M_BUFF
  2872 0000E97E 8D E1 01            		STA		R_Ftemp4
  2873                              ;		JMP		?L_Show_temp
  2874 0000E981 60                  		RTS
  2875                              .ends
0 Error(s), 0 Warning(s).

